restart,seed,iteration,global_iteration,destroy_operator,repair_operator,destroy_size,accepted,accept_reason,epsilon,J1,J2,J3,J4,pareto_archive_size,best_J1,best_J2,temperature,destroy_weight,repair_weight
0,20260923,0,1,critical_makespan_removal,regret2_insertion,24,True,pareto,,288435.5148133725,9726.003896969492,88.17381350250321,32,2,25785.314767617427,9726.003896969492,0.12,2.0,2.0
0,20260923,1,2,early_deadline_removal,regret2_insertion,9,False,infeasible,,243277.31316670167,9726.003896969492,88.01285423666812,31,2,25785.314767617427,9726.003896969492,0.11975999999999999,0.8,1.6
0,20260923,2,3,critical_battery_removal,regret2_insertion,25,True,pareto,,234967.81821518054,9244.185675603901,88.84429233360162,30,2,25785.314767617427,9244.185675603901,0.11952047999999998,2.0,2.4800000000000004
0,20260923,3,4,critical_battery_removal,best_insertion,22,True,pareto,,292853.6213921376,8698.696694763263,90.57502760646129,31,3,25785.314767617427,8698.696694763263,0.11928143903999998,2.8000000000000003,2.0
0,20260923,4,5,critical_battery_removal,best_insertion,15,False,infeasible,,312761.6028905635,8884.907913153465,91.33595576462562,31,3,25785.314767617427,8698.696694763263,0.11904287616191998,2.24,1.6
0,20260923,5,6,related_removal,makespan_balance_repair,15,True,pareto,,300290.5191013662,8637.801276812223,91.07647281134906,30,4,25785.314767617427,8637.801276812223,0.11880479040959614,2.0,2.0
0,20260923,6,7,critical_battery_removal,deadline_first_repair,16,False,infeasible,,364668.2172491431,9032.057552730228,89.19066374882632,30,4,25785.314767617427,8637.801276812223,0.11856718082877694,1.7920000000000003,0.8
0,20260923,7,8,critical_makespan_removal,makespan_balance_repair,20,True,pareto,,197966.91281707026,8653.451052769284,88.43037817226194,29,3,25785.314767617427,8637.801276812223,0.11833004646711939,2.8000000000000003,2.8000000000000003
0,20260923,8,9,related_removal,makespan_balance_repair,15,False,infeasible,,202058.0873210798,8747.638519404003,90.78868696799212,32,3,25785.314767617427,8637.801276812223,0.11809338637418515,1.6,2.24
0,20260923,9,10,critical_makespan_removal,makespan_balance_repair,24,False,infeasible,,307238.11363605474,9406.649614165502,91.10433108861473,29,3,25785.314767617427,8637.801276812223,0.11785719960143679,2.24,1.7920000000000003
0,20260923,10,11,legacy_neighbor,priority_order,0,False,infeasible,,202187.3949377546,8653.451052769284,88.43037817226194,29,3,25785.314767617427,8637.801276812223,0.11762148520223391,,
0,20260923,11,12,critical_makespan_removal,best_insertion,21,False,infeasible,,300174.648973343,8481.684545275417,88.14253236795562,29,3,25785.314767617427,8637.801276812223,0.11738624223182945,1.7920000000000003,1.2800000000000002
0,20260923,12,13,related_removal,best_insertion,22,True,pareto,,202631.28862676196,8546.876038725899,86.4559347840202,31,3,25785.314767617427,8546.876038725899,0.11715146974736579,2.4800000000000004,2.224
0,20260923,13,14,random_removal,regret2_insertion,10,True,pareto,,222861.59806828757,8410.57756179604,86.56382148824066,31,4,25785.314767617427,8410.57756179604,0.11691716680787105,2.0,3.1840000000000006
0,20260923,14,15,critical_battery_removal,regret2_insertion,10,True,pareto,,213824.27585686414,8410.57756179604,86.54726269347823,31,4,25785.314767617427,8410.57756179604,0.1166833324742553,2.6336000000000004,3.7472000000000008
0,20260923,15,16,random_removal,regret2_insertion,24,False,infeasible,,418145.200744783,8483.286606349024,87.53328151539326,32,4,25785.314767617427,8410.57756179604,0.11644996580930679,1.6,2.997760000000001
0,20260923,16,17,early_deadline_removal,deadline_first_repair,19,False,infeasible,,403264.8158533348,9466.062750205756,92.20985123839904,34,4,25785.314767617427,8410.57756179604,0.11621706587768818,0.6400000000000001,0.6400000000000001
0,20260923,17,18,worst_tardiness_removal,regret2_insertion,19,False,infeasible,,233423.3413722786,9042.405425761204,85.73425307522926,31,4,25785.314767617427,8410.57756179604,0.1159846317459328,0.8,2.398208000000001
0,20260923,18,19,critical_makespan_removal,regret2_insertion,24,True,pareto,,127899.57892698566,7232.528151331003,76.68344776159888,28,2,25785.314767617427,7232.528151331003,0.11575266248244094,2.6336000000000004,3.1185664000000006
0,20260923,19,20,critical_battery_removal,best_insertion,13,False,infeasible,,185999.13671276945,8162.669537620093,78.11541653030521,29,2,25785.314767617427,7232.528151331003,0.11552115715747606,2.1068800000000003,1.7792000000000003
0,20260923,20,21,critical_makespan_removal,regret2_insertion,23,False,infeasible,,184347.0671134967,7956.861651554321,80.41636390311629,29,2,25785.314767617427,7232.528151331003,0.11529011484316111,2.1068800000000003,2.4948531200000006
0,20260923,21,22,legacy_neighbor,relocate_box,0,True,annealed,,127899.57892698566,7232.528151331003,76.68344776159888,28,2,25785.314767617427,7232.528151331003,0.11505953461347479,,
0,20260923,22,23,critical_battery_removal,makespan_balance_repair,28,False,infeasible,,296361.58877592016,8113.264054027172,83.82349453503048,30,2,25785.314767617427,7232.528151331003,0.11482941554424785,1.6855040000000003,1.4336000000000002
0,20260923,23,24,critical_makespan_removal,regret2_insertion,27,False,infeasible,,206632.28508561308,8203.345102024776,81.34626395091298,29,2,25785.314767617427,7232.528151331003,0.11459975671315935,1.6855040000000003,1.9958824960000006
0,20260923,24,25,critical_battery_removal,regret2_insertion,21,False,infeasible,,203972.0385022226,7840.8820168357515,82.68341016220478,30,2,25785.314767617427,7232.528151331003,0.11437055719973303,1.3484032000000004,1.5967059968000006
0,20260923,25,26,related_removal,best_insertion,13,False,infeasible,,167435.36877887815,7174.851758763774,78.06168798020703,28,2,25785.314767617427,7232.528151331003,0.11414181608533357,1.9840000000000004,1.4233600000000004
0,20260923,26,27,critical_makespan_removal,best_insertion,15,False,infeasible,,204201.2394609727,7871.31702650047,79.42756265678689,29,2,25785.314767617427,7232.528151331003,0.1139135324531629,1.3484032000000004,1.1386880000000004
0,20260923,27,28,critical_makespan_removal,deadline_first_repair,26,False,infeasible,,195252.07340853894,8769.198436803297,84.06795463242926,31,2,25785.314767617427,7232.528151331003,0.11368570538825656,1.0787225600000003,0.5120000000000001
0,20260923,28,29,early_deadline_removal,makespan_balance_repair,23,False,infeasible,,311877.6110095065,8241.905772166205,83.69979447420837,30,2,25785.314767617427,7232.528151331003,0.11345833397748005,0.5120000000000001,1.1468800000000001
0,20260923,29,30,critical_makespan_removal,regret2_insertion,27,False,infeasible,,206632.28508561308,8203.345102024776,81.34626395091298,29,2,25785.314767617427,7232.528151331003,0.11323141730952509,0.8629780480000003,1.2773647974400006
0,20260923,30,31,random_removal,regret2_insertion,26,False,infeasible,,252619.98002944145,8428.825451145696,79.48311094067645,29,2,25785.314767617427,7232.528151331003,0.11300495447490604,1.2800000000000002,1.0218918379520006
0,20260923,31,32,early_deadline_removal,regret2_insertion,12,False,infeasible,,300565.0108811367,8052.567594602442,78.31871045987619,29,2,25785.314767617427,7232.528151331003,0.11277894456595622,0.40960000000000013,0.8175134703616005
0,20260923,32,33,legacy_neighbor,relocate_box,0,True,annealed,,127899.57892698566,7232.528151331003,76.68344776159888,28,2,25785.314767617427,7232.528151331003,0.11255338667682431,,
0,20260923,33,34,critical_battery_removal,makespan_balance_repair,10,False,infeasible,,177348.163181334,7965.591874772562,78.03097923906124,29,2,25785.314767617427,7232.528151331003,0.11232827990347066,1.0787225600000003,0.9175040000000001
0,20260923,34,35,related_removal,deadline_first_repair,27,False,infeasible,,281403.2883777769,8597.906694778203,85.13438055174878,32,2,25785.314767617427,7232.528151331003,0.11210362334366372,1.5872000000000004,0.40960000000000013
0,20260923,35,36,random_removal,best_insertion,16,False,infeasible,,205998.35659362545,7946.084294831881,78.98895488961658,28,2,25785.314767617427,7232.528151331003,0.1118794160969764,1.0240000000000002,0.9109504000000004
0,20260923,36,37,related_removal,best_insertion,11,False,infeasible,,130681.00332557561,7799.345829348515,79.47208219156201,29,2,25785.314767617427,7232.528151331003,0.11165565726478244,1.2697600000000004,0.7287603200000004
0,20260923,37,38,worst_tardiness_removal,regret2_insertion,27,False,infeasible,,238256.50000972347,7330.642578996164,77.93081342799523,28,2,25785.314767617427,7232.528151331003,0.11143234595025288,0.6400000000000001,0.6540107762892804
0,20260923,38,39,random_removal,makespan_balance_repair,9,False,infeasible,,165058.69657953293,8261.571791546334,80.03279727654451,30,2,25785.314767617427,7232.528151331003,0.11120948125835237,0.8192000000000003,0.7340032000000001
0,20260923,39,40,early_deadline_removal,best_insertion,18,False,infeasible,,372748.21426329087,7799.724418161205,79.71654353830097,30,2,25785.314767617427,7232.528151331003,0.11098706229583566,0.32768000000000014,0.5830082560000003
0,20260923,40,41,random_removal,makespan_balance_repair,14,False,infeasible,,233402.87327721855,7602.886479151856,77.92996093711035,29,2,25785.314767617427,7232.528151331003,0.11076508817124399,0.6553600000000003,0.58720256
0,20260923,41,42,critical_makespan_removal,regret2_insertion,24,False,infeasible,,185941.4869390836,8168.372225881661,78.4450482081253,29,2,25785.314767617427,7232.528151331003,0.1105435579949015,0.6903824384000004,0.5232086210314243
0,20260923,42,43,critical_battery_removal,best_insertion,12,False,infeasible,,185999.13671276945,8162.669537620093,78.11541653030521,29,2,25785.314767617427,7232.528151331003,0.11032247087891169,0.8629780480000003,0.46640660480000024
0,20260923,43,44,legacy_neighbor,two_opt,0,True,pareto,,127899.57892698566,7232.528151331003,76.51824484101012,28,2,25785.314767617427,7232.528151331003,0.11010182593715385,,
0,20260923,44,45,worst_tardiness_removal,best_insertion,14,False,infeasible,,175260.2465704051,8033.015291399779,77.74699413769409,29,2,25785.314767617427,7232.528151331003,0.10988162228527955,0.5120000000000001,0.3731252838400002
0,20260923,45,46,related_removal,regret2_insertion,16,False,infeasible,,193953.796859486,7971.508435416814,78.67914265091325,30,2,25785.314767617427,7232.528151331003,0.10966185904070899,1.0158080000000005,0.4185668968251395
0,20260923,46,47,worst_tardiness_removal,makespan_balance_repair,20,False,infeasible,,151508.12886293785,7885.995503648361,77.49496641351442,29,2,25785.314767617427,7232.528151331003,0.10944253532262757,0.40960000000000013,0.46976204800000004
0,20260923,47,48,worst_tardiness_removal,makespan_balance_repair,25,False,infeasible,,277629.6737406292,7939.388093595375,81.21652116193853,29,2,25785.314767617427,7232.528151331003,0.10922365025198232,0.32768000000000014,0.37580963840000003
0,20260923,48,49,random_removal,deadline_first_repair,24,False,infeasible,,315044.54839113046,8584.800530645785,83.09347290434317,31,2,25785.314767617427,7232.528151331003,0.10900520295147835,0.5242880000000002,0.32768000000000014
0,20260923,49,50,critical_makespan_removal,best_insertion,21,False,infeasible,,234280.94044149798,8004.75364375876,81.09876856185053,28,2,25785.314767617427,7232.528151331003,0.1087871925455754,0.5523059507200003,0.2985002270720002
0,20260923,50,51,related_removal,deadline_first_repair,22,False,infeasible,,248862.1111371733,8324.234596811635,82.09337001659912,29,2,25785.314767617427,7232.528151331003,0.10856961816048424,0.8126464000000004,0.2621440000000001
0,20260923,51,52,critical_battery_removal,regret2_insertion,23,False,infeasible,,258461.27829446248,8118.845623341669,79.92651049860532,29,2,25785.314767617427,7232.528151331003,0.10835247892416328,0.6903824384000004,0.3348535174601116
0,20260923,52,53,critical_battery_removal,makespan_balance_repair,12,False,infeasible,,185999.13671276945,8162.669537620093,77.95021360971644,29,2,25785.314767617427,7232.528151331003,0.10813577396631495,0.5523059507200003,0.30064771072000007
0,20260923,53,54,critical_battery_removal,regret2_insertion,16,False,infeasible,,165509.56783163158,7903.49940790539,77.4256703836453,29,2,25785.314767617427,7232.528151331003,0.10791950241838232,0.4418447605760003,0.2678828139680893
0,20260923,54,55,legacy_neighbor,change_model,0,True,annealed,,127899.57892698566,7232.528151331003,76.51824484101012,28,2,25785.314767617427,7232.528151331003,0.10770366341354555,,
0,20260923,55,56,early_deadline_removal,makespan_balance_repair,27,False,infeasible,,318407.90004913555,8148.106586729369,80.92388152025472,30,2,25785.314767617427,7232.528151331003,0.10748825608671846,0.2621440000000001,0.24051816857600006
0,20260923,56,57,random_removal,regret2_insertion,27,False,infeasible,,213368.92002214587,7592.542253606287,78.95833099691129,28,2,25785.314767617427,7232.528151331003,0.10727327957454502,0.4194304000000002,0.21430625117447144
0,20260923,57,58,related_removal,deadline_first_repair,28,False,infeasible,,245547.08584963396,9114.166679755599,81.69203453135978,30,2,25785.314767617427,7232.528151331003,0.10705873301539594,0.6501171200000004,0.2097152000000001
0,20260923,58,59,random_removal,deadline_first_repair,25,False,infeasible,,360024.83952342893,9372.118829084335,81.41908741323945,31,2,25785.314767617427,7232.528151331003,0.10684461554936514,0.3355443200000002,0.1677721600000001
0,20260923,59,60,related_removal,regret2_insertion,16,True,pareto,,180104.19698775906,7174.851758763774,77.82379332287258,28,3,25785.314767617427,7174.851758763774,0.10663092631826641,1.7200936960000006,1.3714450009395773
0,20260923,60,61,worst_tardiness_removal,regret2_insertion,18,False,infeasible,,213426.02383841982,7858.406200928041,79.16150627311765,29,3,25785.314767617427,7174.851758763774,0.10641766446562988,0.2621440000000001,1.0971560007516619
0,20260923,61,62,early_deadline_removal,regret2_insertion,20,False,infeasible,,213661.37244748656,8289.327533604162,79.2041155239083,28,3,25785.314767617427,7174.851758763774,0.10620482913669861,0.2097152000000001,0.8777248006013295
0,20260923,62,63,random_removal,regret2_insertion,17,False,infeasible,,300184.1095766338,8386.72400909821,81.71810471338088,30,3,25785.314767617427,7174.851758763774,0.10599241947842522,0.2684354560000001,0.7021798404810636
0,20260923,63,64,critical_makespan_removal,best_insertion,28,False,infeasible,,333103.90756463085,8463.76814997696,81.37408539041628,29,3,25785.314767617427,7174.851758763774,0.10578043463946837,0.4418447605760003,0.23880018165760017
0,20260923,64,65,related_removal,regret2_insertion,20,False,infeasible,,251537.61284826364,7769.117324916261,80.56350353879155,28,3,25785.314767617427,7174.851758763774,0.10556887377018943,1.3760749568000006,0.5617438723848509
0,20260923,65,66,legacy_neighbor,change_model,0,True,annealed,,180104.19698775906,7174.851758763774,77.82379332287258,28,3,25785.314767617427,7174.851758763774,0.10535773602264906,,
0,20260923,66,67,critical_battery_removal,deadline_first_repair,25,False,infeasible,,295709.44656387524,8716.596772494187,84.41597586846342,29,3,25785.314767617427,7174.851758763774,0.10514702055060376,0.3534758084608003,0.13421772800000006
0,20260923,67,68,related_removal,best_insertion,26,False,infeasible,,254785.02349090695,7932.758900301216,81.36416684614495,30,3,25785.314767617427,7174.851758763774,0.10493672650950256,1.1008599654400004,0.19104014532608016
0,20260923,68,69,related_removal,regret2_insertion,23,False,infeasible,,195739.2289104937,8120.276804993195,81.56471545089788,30,3,25785.314767617427,7174.851758763774,0.10472685305648355,0.8806879723520004,0.44939509790788074
0,20260923,69,70,critical_makespan_removal,regret2_insertion,21,False,infeasible,,211494.16773550288,8047.371614580508,80.73743751511172,30,3,25785.314767617427,7174.851758763774,0.10451739935037058,0.3534758084608003,0.3595160783263046
0,20260923,70,71,related_removal,best_insertion,17,False,infeasible,,187424.391856209,8271.601917960143,82.9003644413699,29,3,25785.314767617427,7174.851758763774,0.10430836455166984,0.7045503778816004,0.15283211626086413
0,20260923,71,72,random_removal,regret2_insertion,12,True,pareto,,163408.5081434359,7188.864683548321,77.00423245046264,28,4,25785.314767617427,7174.851758763774,0.1040997478225665,1.4147483648000003,1.4876128626610439
0,20260923,72,73,random_removal,deadline_first_repair,9,False,infeasible,,182449.27640365952,7662.810573965654,77.2047802052438,28,4,25785.314767617427,7174.851758763774,0.10389154832692137,1.1317986918400003,0.10737418240000006
0,20260923,73,74,random_removal,regret2_insertion,17,False,infeasible,,156248.9003233118,7556.4907089361195,77.59481473417199,28,4,25785.314767617427,7174.851758763774,0.10368376523026752,0.9054389534720002,1.190090290128835
0,20260923,74,75,related_removal,regret2_insertion,19,False,infeasible,,158455.03029729004,7514.92703218615,79.77303681563977,29,4,25785.314767617427,7174.851758763774,0.10347639769980699,0.5636403023052803,0.9520722321030681
0,20260923,75,76,worst_tardiness_removal,deadline_first_repair,20,False,infeasible,,239702.23590865821,8334.9307833917,78.7705032598699,29,4,25785.314767617427,7174.851758763774,0.10326944490440737,0.2097152000000001,0.08589934592000005
0,20260923,76,77,legacy_neighbor,reorder,0,True,pareto,,163408.5081434359,7188.864683548321,76.88371414419933,28,4,25785.314767617427,7174.851758763774,0.10306290601459855,,
0,20260923,77,78,worst_tardiness_removal,regret2_insertion,14,False,infeasible,,124530.09061088333,7553.912016889792,77.05918727996969,28,4,25785.314767617427,7174.851758763774,0.10285678020256936,0.1677721600000001,0.7616577856824546
0,20260923,78,79,random_removal,regret2_insertion,14,False,infeasible,,184769.1313947555,8496.191640185289,77.1341022000654,28,4,25785.314767617427,7174.851758763774,0.10265106664216422,0.7243511627776003,0.6093262285459637
0,20260923,79,80,related_removal,best_insertion,14,False,infeasible,,181287.80876766122,7186.285991501994,76.75094744654463,28,4,25785.314767617427,7174.851758763774,0.10244576450887989,0.45091224184422424,0.1222656930086913
0,20260923,80,81,critical_battery_removal,regret2_insertion,22,True,pareto,,92613.57636117494,7925.706659862467,73.3842843429326,26,5,25785.314767617427,7174.851758763774,0.10224087297986213,1.4827806467686404,1.6874609828367713
0,20260923,81,82,random_removal,makespan_balance_repair,17,True,pareto,,93742.23441898658,7511.061480114204,74.04654669079788,27,6,25785.314767617427,7174.851758763774,0.1020363912339024,1.7794809302220804,1.3924145348608001
0,20260923,82,83,related_removal,regret2_insertion,14,False,infeasible,,122699.94601753673,7751.966953387806,76.4074375752081,28,6,25785.314767617427,7174.851758763774,0.1018323184514346,0.3607297934753794,1.3499687862694172
0,20260923,83,84,random_removal,regret2_insertion,26,False,infeasible,,205762.21783840292,7974.222528053253,75.04492348898428,27,6,25785.314767617427,7174.851758763774,0.10162865381453173,1.4235847441776643,1.0799750290155339
0,20260923,84,85,early_deadline_removal,makespan_balance_repair,9,False,infeasible,,161828.9840863516,7443.137240172278,74.89234150176325,27,6,25785.314767617427,7174.851758763774,0.10142539650690267,0.1677721600000001,1.1139316278886402
0,20260923,85,86,random_removal,regret2_insertion,18,False,infeasible,,152962.0225930283,8110.368852270143,75.21920672870243,26,6,25785.314767617427,7174.851758763774,0.10122254571388886,1.1388677953421316,0.8639800232124272
0,20260923,86,87,random_removal,makespan_balance_repair,25,False,infeasible,,184763.81032547288,8214.24945455198,81.03399692631751,28,6,25785.314767617427,7174.851758763774,0.10102010062246108,0.9110942362737053,0.8911453023109122
0,20260923,87,88,legacy_neighbor,two_opt,0,True,annealed,,93742.23441898658,7511.061480114204,74.04654669079788,27,6,25785.314767617427,7174.851758763774,0.10081806042121616,,
0,20260923,88,89,critical_battery_removal,regret2_insertion,19,False,infeasible,,258077.83153010084,8467.047228242938,80.18386065423269,27,6,25785.314767617427,7174.851758763774,0.10061642430037372,1.1862245174149124,0.6911840185699418
0,20260923,89,90,related_removal,makespan_balance_repair,17,False,infeasible,,170818.46552522897,7560.454596055696,74.26167526104386,27,6,25785.314767617427,7174.851758763774,0.10041519145177298,0.2885838347803035,0.7129162418487298
0,20260923,90,91,critical_battery_removal,regret2_insertion,19,False,infeasible,,258077.83153010084,8467.047228242938,80.18386065423269,27,6,25785.314767617427,7174.851758763774,0.10021436106886944,0.94897961393193,0.5529472148559534
0,20260923,91,92,early_deadline_removal,regret2_insertion,10,False,infeasible,,162799.6109022602,7609.998081103483,77.20210402799265,27,6,25785.314767617427,7174.851758763774,0.1000139323467317,0.13421772800000006,0.4423577718847628
0,20260923,92,93,random_removal,regret2_insertion,13,False,infeasible,,154554.07085136784,7699.77003126896,73.25379893055688,27,6,25785.314767617427,7174.851758763774,0.09981390448203824,0.7288753890189643,0.35388621750781024
0,20260923,93,94,worst_tardiness_removal,makespan_balance_repair,15,False,infeasible,,139012.4109322612,7899.480650034871,75.26572711627286,28,6,25785.314767617427,7174.851758763774,0.09961427667307417,0.13421772800000006,0.5703329934789839
0,20260923,94,95,early_deadline_removal,makespan_balance_repair,19,False,infeasible,,179487.4880364986,7948.2800297665935,75.28237562098445,28,6,25785.314767617427,7174.851758763774,0.09941504811972803,0.10737418240000006,0.45626639478318715
0,20260923,95,96,critical_battery_removal,makespan_balance_repair,20,False,infeasible,,188370.5526262498,8245.299227633383,78.76958609752677,28,6,25785.314767617427,7174.851758763774,0.09921621802348857,0.7591836911455441,0.3650131158265497
0,20260923,96,97,critical_makespan_removal,regret2_insertion,23,True,pareto,,65800.11733800595,7603.376384576983,74.87555493263051,26,6,25785.314767617427,7174.851758763774,0.09901778558744159,1.4827806467686404,1.4831089740062484
0,20260923,97,98,critical_makespan_removal,makespan_balance_repair,15,False,infeasible,,87352.2883874928,7605.353175554795,75.29618420560911,27,6,25785.314767617427,7174.851758763774,0.09881975001626671,1.1862245174149124,0.2920104926612398
0,20260923,98,99,legacy_neighbor,swap_boxes,0,True,annealed,,65800.11733800595,7603.376384576983,74.87555493263051,26,6,25785.314767617427,7174.851758763774,0.09862211051623418,,
0,20260923,99,100,critical_makespan_removal,makespan_balance_repair,22,False,infeasible,,154576.6725462288,7477.496352457761,81.62240179546424,27,6,25785.314767617427,7174.851758763774,0.09842486629520171,0.94897961393193,0.23360839412899184
0,20260923,100,101,random_removal,regret2_insertion,22,False,infeasible,,157712.22644469925,9045.078635964617,79.33090455630382,27,6,25785.314767617427,7174.851758763774,0.0982280165626113,0.5831003112151715,1.1864871792049987
0,20260923,101,102,worst_tardiness_removal,regret2_insertion,9,True,pareto,,57297.18379163131,7449.946043631002,75.05490372892436,26,5,25785.314767617427,7174.851758763774,0.09803156052948608,1.3073741824000003,2.149189743363999
0,20260923,102,103,critical_battery_removal,regret2_insertion,28,False,infeasible,,205570.5363046824,7365.200230468125,75.03638563185258,25,5,25785.314767617427,7174.851758763774,0.0978354974084271,0.6073469529164353,1.7193517946911994
0,20260923,103,104,worst_tardiness_removal,regret2_insertion,22,False,infeasible,,184817.08207523637,7585.992232380026,74.46795325731078,26,5,25785.314767617427,7174.851758763774,0.09763982641361026,1.0458993459200003,1.3754814357529597
0,20260923,104,105,random_removal,regret2_insertion,19,False,infeasible,,128253.86575804678,8037.456389120174,77.28780696655997,27,5,25785.314767617427,7174.851758763774,0.09744454676078304,0.4664802489721372,1.1003851486023677
0,20260923,105,106,critical_battery_removal,deadline_first_repair,18,False,infeasible,,190006.27256385892,7768.325721541797,82.76509030591822,28,5,25785.314767617427,7174.851758763774,0.09724965766726147,0.4858775623331482,0.06871947673600004
0,20260923,106,107,critical_makespan_removal,makespan_balance_repair,10,False,infeasible,,61930.672378997304,7558.444538136065,75.60260550227137,27,5,25785.314767617427,7174.851758763774,0.09705515835192695,0.7591836911455441,0.18688671530319348
0,20260923,107,108,related_removal,regret2_insertion,15,False,infeasible,,68264.49802295535,7791.703673042405,76.0844394952197,27,5,25785.314767617427,7174.851758763774,0.0968610480352231,0.23086706782424282,0.8803081188818942
0,20260923,108,109,random_removal,regret2_insertion,26,False,infeasible,,213155.90031945327,7883.865843233315,74.22536893401285,28,5,25785.314767617427,7174.851758763774,0.09666732593915264,0.3731841991777098,0.7042464951055154
0,20260923,109,110,legacy_neighbor,move_partial,0,True,annealed,,57297.18379163131,7449.946043631002,75.05490372892436,26,5,25785.314767617427,7174.851758763774,0.09647399128727434,,
0,20260923,110,111,random_removal,regret2_insertion,11,True,pareto,,61951.959706334776,7383.446487448016,75.39882584107718,27,6,25785.314767617427,7174.851758763774,0.09628104330469979,1.498547359342168,1.7633971960844126
0,20260923,111,112,random_removal,regret2_insertion,27,False,infeasible,,174615.9894346598,8245.299227633383,76.17850980642174,29,6,25785.314767617427,7174.851758763774,0.0960884812180904,1.1988378874737344,1.4107177568675302
0,20260923,112,113,random_removal,regret2_insertion,26,False,infeasible,,226373.05957754806,7453.199751325921,74.75181110229717,28,6,25785.314767617427,7174.851758763774,0.09589630425565422,0.9590703099789876,1.1285742054940242
0,20260923,113,114,critical_battery_removal,regret2_insertion,17,False,infeasible,,119241.50173936514,7791.137045341592,77.37421744196995,27,6,25785.314767617427,7174.851758763774,0.09570451164714291,0.3887020498665186,0.9028593643952194
0,20260923,114,115,random_removal,regret2_insertion,21,False,infeasible,,111992.36617548348,7402.134984098656,75.79155873902147,28,6,25785.314767617427,7174.851758763774,0.09551310262384863,0.7672562479831901,0.7222874915161756
0,20260923,115,116,critical_makespan_removal,regret2_insertion,20,False,infeasible,,184439.21911260812,7594.744233432137,77.37671453795711,28,6,25785.314767617427,7174.851758763774,0.09532207641860094,0.6073469529164353,0.5778299932129405
0,20260923,116,117,random_removal,regret2_insertion,20,False,infeasible,,127396.4463159471,7986.151667278395,78.30407956766642,28,6,25785.314767617427,7174.851758763774,0.09513143226576373,0.6138049983865521,0.4622639945703524
0,20260923,117,118,worst_tardiness_removal,makespan_balance_repair,17,False,infeasible,,132078.42880345925,7941.72474459491,77.16061480387927,29,6,25785.314767617427,7174.851758763774,0.0949411694012322,0.8367194767360003,0.14950937224255478
0,20260923,118,119,critical_makespan_removal,regret2_insertion,27,False,infeasible,,183544.83228603657,7909.961715333227,77.23425984048656,27,6,25785.314767617427,7174.851758763774,0.09475128706242975,0.4858775623331482,0.36981119565628195
0,20260923,119,120,worst_tardiness_removal,best_insertion,23,False,infeasible,,136053.5803161123,7593.045898858281,76.05812171048196,28,6,25785.314767617427,7174.851758763774,0.09456178448830489,0.6693755813888003,0.09781255440695305
0,20260923,120,121,legacy_neighbor,priority_order,0,True,annealed,,61951.95970633479,7383.446487448016,75.39882584107718,27,6,25785.314767617427,7174.851758763774,0.09437266091932828,,
0,20260923,121,122,worst_tardiness_removal,regret2_insertion,20,False,infeasible,,110789.62878718808,7609.885510685775,75.11255956253459,27,6,25785.314767617427,7174.851758763774,0.09418391559748962,0.5355004651110402,0.2958489565250256
0,20260923,122,123,worst_tardiness_removal,makespan_balance_repair,11,False,infeasible,,79250.54541525521,7383.446487448016,75.35138789017948,27,6,25785.314767617427,7174.851758763774,0.09399554776629464,0.4284003720888322,0.11960749779404384
0,20260923,123,124,worst_tardiness_removal,regret2_insertion,25,False,infeasible,,147364.53145536498,7609.885510685775,77.35765089897235,27,6,25785.314767617427,7174.851758763774,0.09380755667076204,0.34272029767106577,0.23667916522002047
0,20260923,124,125,critical_battery_removal,regret2_insertion,19,False,infeasible,,205293.3388712583,7365.200230468125,75.90792835643786,27,6,25785.314767617427,7174.851758763774,0.09361994155742052,0.3109616398932149,0.1893433321760164
0,20260923,125,126,random_removal,makespan_balance_repair,14,False,infeasible,,128720.18112647928,7476.9622035076645,74.28407004143126,26,6,25785.314767617427,7174.851758763774,0.09343270167430569,0.4910439987092417,0.09568599823523508
0,20260923,126,127,random_removal,makespan_balance_repair,21,False,infeasible,,246936.49632698458,8336.626624214541,78.74818813613318,29,6,25785.314767617427,7174.851758763774,0.09324583627095707,0.3928351989673934,0.07654879858818807
0,20260923,127,128,worst_tardiness_removal,best_insertion,16,False,infeasible,,131697.38104050487,7941.72474459491,77.16061480387927,29,6,25785.314767617427,7174.851758763774,0.09305934459841517,0.2741762381368526,0.07825004352556245
0,20260923,128,129,random_removal,deadline_first_repair,9,False,infeasible,,137129.88125506294,7986.416289700616,78.77636882514939,29,6,25785.314767617427,7174.851758763774,0.09287322590921834,0.3142681591739147,0.054975581388800036
0,20260923,129,130,critical_battery_removal,regret2_insertion,22,False,infeasible,,117755.34466946285,7609.885510685775,77.64327459750393,26,6,25785.314767617427,7174.851758763774,0.09268747945739991,0.24876931191457194,0.15147466574081314
0,20260923,130,131,critical_battery_removal,best_insertion,23,False,infeasible,,190285.8014050259,8111.876975048558,82.24860350551941,28,6,25785.314767617427,7174.851758763774,0.09250210449848512,0.19901544953165756,0.06260003482044996
0,20260923,131,132,legacy_neighbor,change_model,0,True,annealed,,61951.95970633479,7383.446487448016,75.39882584107718,27,6,25785.314767617427,7174.851758763774,0.09231710028948814,,
0,20260923,132,133,random_removal,makespan_balance_repair,11,False,infeasible,,115093.07787251771,7383.446487448016,75.0607085552263,28,6,25785.314767617427,7174.851758763774,0.09213246608890917,0.2514145273391318,0.06123903887055046
0,20260923,133,134,critical_makespan_removal,makespan_balance_repair,28,False,infeasible,,187583.1689836398,8018.974946389071,82.12088500830892,30,6,25785.314767617427,7174.851758763774,0.09194820115673134,0.3887020498665186,0.04899123109644037
0,20260923,134,135,critical_battery_removal,regret2_insertion,10,False,infeasible,,187990.62600475433,7299.200230468125,75.70275152172891,27,6,25785.314767617427,7174.851758763774,0.09176430475441788,0.15921235962532607,0.12117973259265052
0,20260923,135,136,worst_tardiness_removal,best_insertion,24,False,infeasible,,287044.1557641508,8861.610059719154,78.82730903723356,28,6,25785.314767617427,7174.851758763774,0.09158077614490905,0.21934099050948208,0.05008002785635997
0,20260923,136,137,random_removal,best_insertion,9,False,infeasible,,88690.29411155422,7553.15625343595,76.20809619117703,28,6,25785.314767617427,7174.851758763774,0.09139761459261923,0.20113162187130543,0.04006402228508798
0,20260923,137,138,worst_tardiness_removal,regret2_insertion,12,False,infeasible,,68912.44151519591,7507.844576597981,76.46956478492656,28,6,25785.314767617427,7174.851758763774,0.091214819363434,0.17547279240758568,0.09694378607412042
0,20260923,138,139,worst_tardiness_removal,deadline_first_repair,10,True,pareto,,44253.22300756741,7488.803723099454,76.49348755195176,28,7,25785.314767617427,7174.851758763774,0.09103238972470712,1.3403782339260688,1.2439804651110402
0,20260923,139,140,worst_tardiness_removal,deadline_first_repair,27,False,infeasible,,84200.2947226554,7609.885510685775,75.4228215614838,27,7,25785.314767617427,7174.851758763774,0.0908503249452577,1.0723025871408551,0.9951843720888323
0,20260923,140,141,random_removal,deadline_first_repair,25,False,infeasible,,95571.8392381741,9149.093369105196,87.69145123570894,32,7,25785.314767617427,7174.851758763774,0.09066862429536719,0.16090529749704435,0.7961474976710659
0,20260923,141,142,worst_tardiness_removal,deadline_first_repair,15,False,infeasible,,74181.11345961638,7395.453973605594,75.9684607028803,28,7,25785.314767617427,7174.851758763774,0.09048728704677646,0.8578420697126842,0.6369179981368527
0,20260923,142,143,legacy_neighbor,move_partial,0,True,annealed,,44253.22300756741,7488.803723099454,76.49348755195176,28,7,25785.314767617427,7174.851758763774,0.0903063124726829,,
0,20260923,143,144,worst_tardiness_removal,deadline_first_repair,13,True,pareto,,54608.69460599783,7446.066281735407,76.39071734706909,28,7,25785.314767617427,7174.851758763774,0.09012569984773754,1.8862736557701476,1.7095343985094824
0,20260923,144,145,worst_tardiness_removal,deadline_first_repair,14,False,infeasible,,74181.11345961638,7395.453973605594,75.9684607028803,28,7,25785.314767617427,7174.851758763774,0.08994544844804206,1.509018924616118,1.367627518807586
0,20260923,145,146,worst_tardiness_removal,deadline_first_repair,21,False,infeasible,,173473.31356968262,7299.200230468125,75.4228215614838,27,7,25785.314767617427,7174.851758763774,0.08976555755114597,1.2072151396928945,1.0941020150460687
0,20260923,146,147,worst_tardiness_removal,deadline_first_repair,12,True,annealed,,54608.69460599783,7446.066281735407,76.39071734706909,28,7,25785.314767617427,7174.851758763774,0.08958602643604369,1.1657721117543156,1.0752816120368551
0,20260923,147,148,worst_tardiness_removal,deadline_first_repair,9,True,annealed,,54608.69460599783,7446.066281735407,76.39071734706909,28,7,25785.314767617427,7174.851758763774,0.0894068543831716,1.1326176894034525,1.0602252896294841
0,20260923,148,149,worst_tardiness_removal,deadline_first_repair,14,False,infeasible,,74181.11345961638,7395.453973605594,75.9684607028803,28,7,25785.314767617427,7174.851758763774,0.08922804067440526,0.9060941515227621,0.8481802317035874
0,20260923,149,150,worst_tardiness_removal,best_insertion,18,False,infeasible,,131697.38104050487,7941.72474459491,77.16061480387927,29,7,25785.314767617427,7174.851758763774,0.08904958459305645,0.7248753212182097,0.03205121782807038
0,20260923,150,151,related_removal,regret2_insertion,13,False,infeasible,,108457.18281992352,8023.565130895298,78.05313625054201,29,7,25785.314767617427,7174.851758763774,0.08887148542387034,0.18469365425939427,0.07755502885929634
0,20260923,151,152,random_removal,deadline_first_repair,15,False,infeasible,,125513.17054253857,8304.446209457024,81.47013527323327,29,7,25785.314767617427,7174.851758763774,0.0886937424530226,0.1287242379976355,0.67854418536287
0,20260923,152,153,random_removal,best_insertion,24,False,infeasible,,170880.68480881397,7957.565130895298,78.41982748015405,28,7,25785.314767617427,7174.851758763774,0.08851635496811655,0.1029793903981084,0.025640974262456307
0,20260923,153,154,legacy_neighbor,move_partial,0,True,annealed,,54608.69460599783,7446.066281735407,76.39071734706909,28,7,25785.314767617427,7174.851758763774,0.08833932225818032,,
0,20260923,154,155,critical_makespan_removal,deadline_first_repair,20,False,infeasible,,103042.61275670028,8513.892915669907,84.30421307567606,28,7,25785.314767617427,7174.851758763774,0.08816264361366397,0.3109616398932149,0.542835348290296
0,20260923,155,156,worst_tardiness_removal,deadline_first_repair,25,False,infeasible,,84200.2947226554,7609.885510685775,75.4228215614838,27,7,25785.314767617427,7174.851758763774,0.08798631832643664,0.5799002569745678,0.4342682786322368
0,20260923,156,157,worst_tardiness_removal,deadline_first_repair,23,False,infeasible,,84200.2947226554,7609.885510685775,75.4228215614838,27,7,25785.314767617427,7174.851758763774,0.08781034568978376,0.4639202055796543,0.3474146229057895
0,20260923,157,158,early_deadline_removal,regret2_insertion,23,False,infeasible,,151235.76829073648,7623.157485840177,77.1239795167846,28,7,25785.314767617427,7174.851758763774,0.08763472499840419,0.08589934592000005,0.062044023087437075
0,20260923,158,159,related_removal,deadline_first_repair,10,True,annealed,,52495.22906986291,8880.095170128503,80.86230085836291,30,7,25785.314767617427,7174.851758763774,0.08745945554840738,0.34775492340751546,0.4779316983246316
0,20260923,159,160,related_removal,regret2_insertion,15,False,infeasible,,63325.0581633119,8568.637264107003,82.55348159459041,32,7,25785.314767617427,7174.851758763774,0.08728453663731056,0.2782039387260124,0.049635218469949664
0,20260923,160,161,worst_tardiness_removal,deadline_first_repair,12,True,improved_current,,52135.22906986291,8397.687544806871,80.5353220511245,30,7,25785.314767617427,7174.851758763774,0.08710996756403594,0.9711361644637235,0.9823453586597054
0,20260923,161,162,early_deadline_removal,deadline_first_repair,25,False,infeasible,,288507.57332812215,9215.062057305971,85.48804325971857,31,7,25785.314767617427,7174.851758763774,0.08693574762890786,0.06871947673600004,0.7858762869277643
0,20260923,162,163,related_removal,deadline_first_repair,19,False,infeasible,,269610.7930251333,9925.143002629133,91.09633399673177,32,7,25785.314767617427,7174.851758763774,0.08676187613365005,0.22256315098080992,0.6287010295422115
0,20260923,163,164,worst_tardiness_removal,deadline_first_repair,25,False,infeasible,,281862.5771985282,8773.229400117085,81.0852278216286,29,7,25785.314767617427,7174.851758763774,0.08658835238138275,0.7769089315709788,0.5029608236337693
0,20260923,164,165,legacy_neighbor,insert_service,0,True,annealed,,52135.22906986291,8397.687544806871,80.5353220511245,30,7,25785.314767617427,7174.851758763774,0.08641517567661999,,
0,20260923,165,166,critical_makespan_removal,deadline_first_repair,15,False,infeasible,,64995.02846270292,8426.299319065876,81.13436880526594,29,7,25785.314767617427,7174.851758763774,0.08624234532526676,0.24876931191457194,0.40236865890701545
0,20260923,166,167,critical_makespan_removal,makespan_balance_repair,16,False,infeasible,,85750.42238459871,7756.83495526071,79.15506927581826,28,7,25785.314767617427,7174.851758763774,0.08606986063461622,0.19901544953165756,0.0391929848771523
0,20260923,167,168,worst_tardiness_removal,regret2_insertion,16,False,infeasible,,76240.25800368952,8397.687544806871,80.3605116543013,30,7,25785.314767617427,7174.851758763774,0.08589772091334699,0.6215271452567831,0.03970817477595973
0,20260923,168,169,related_removal,deadline_first_repair,13,False,infeasible,,108208.24922950214,8214.791603256886,79.20329411956904,29,7,25785.314767617427,7174.851758763774,0.0857259254715203,0.17805052078464795,0.3218949271256124
0,20260923,169,170,related_removal,deadline_first_repair,14,False,infeasible,,124461.0156891594,8671.80003603898,81.91789846707363,32,7,25785.314767617427,7174.851758763774,0.08555447362057726,0.14244041662771836,0.2575159417004899
0,20260923,170,171,worst_tardiness_removal,best_insertion,19,False,infeasible,,124586.9226456263,9050.462518119048,79.48112929189972,29,7,25785.314767617427,7174.851758763774,0.08538336467333611,0.4972217162054265,0.020512779409965046
0,20260923,171,172,worst_tardiness_removal,deadline_first_repair,21,False,infeasible,,269351.2157839299,8018.974946389071,81.80781243256521,30,7,25785.314767617427,7174.851758763774,0.08521259794398944,0.39777737296434124,0.20601275336039193
0,20260923,172,173,worst_tardiness_removal,makespan_balance_repair,24,False,infeasible,,247260.78869856114,8018.974946389071,80.54917097434473,28,7,25785.314767617427,7174.851758763774,0.08504217274810147,0.318221898371473,0.03135438790172184
0,20260923,173,174,random_removal,makespan_balance_repair,11,False,infeasible,,75139.12848611579,8397.687544806871,81.05930001490096,30,7,25785.314767617427,7174.851758763774,0.08487208840260527,0.08238351231848673,0.025083510321377473
0,20260923,174,175,critical_makespan_removal,deadline_first_repair,24,True,improved_current,,48763.22492196948,8314.619801378101,83.59700365809809,29,7,25785.314767617427,7174.851758763774,0.08470234422580006,0.7592123596253262,0.7648102026883137
0,20260923,175,176,legacy_neighbor,merge,0,True,annealed,,48763.22492196948,8314.619801378101,83.59700365809809,29,7,25785.314767617427,7174.851758763774,0.08453293953734846,,
0,20260923,176,177,critical_makespan_removal,deadline_first_repair,19,False,infeasible,,121751.06248296135,8296.468513559437,85.55747283569555,29,7,25785.314767617427,7174.851758763774,0.08436387365827376,0.607369887700261,0.611848162150651
0,20260923,177,178,critical_makespan_removal,deadline_first_repair,26,False,infeasible,,71932.15897870023,9082.612847311562,81.31922333590964,27,7,25785.314767617427,7174.851758763774,0.08419514591095721,0.48589591016020883,0.4894785297205208
0,20260923,178,179,critical_makespan_removal,deadline_first_repair,17,False,infeasible,,88716.50946461961,8296.468513559437,86.00621180093214,30,7,25785.314767617427,7174.851758763774,0.0840267556191353,0.3887167281281671,0.3915828237764167
0,20260923,179,180,worst_tardiness_removal,deadline_first_repair,19,False,infeasible,,162598.2820772157,8342.631059996667,85.4153402648901,30,7,25785.314767617427,7174.851758763774,0.08385870210789702,0.25457751869717843,0.31326625902113336
0,20260923,180,181,worst_tardiness_removal,best_insertion,22,False,infeasible,,304942.5649557115,9220.315587264606,84.87535929297842,29,7,25785.314767617427,7174.851758763774,0.08369098470368122,0.20366201495774275,0.01641022352797204
0,20260923,181,182,critical_battery_removal,regret2_insertion,16,True,pareto,,37236.560828237925,7696.164812546887,82.96445047041614,29,8,25785.314767617427,7174.851758763774,0.08352360273427385,1.327369887700261,1.231766539820768
0,20260923,182,183,critical_battery_removal,regret2_insertion,22,False,infeasible,,45564.196220180995,8318.844282675589,81.76183511159356,30,8,25785.314767617427,7174.851758763774,0.0833565555288053,1.061895910160209,0.9854132318566144
0,20260923,183,184,critical_battery_removal,regret2_insertion,27,False,infeasible,,211616.19130489827,8542.573709742035,84.06520180021667,30,8,25785.314767617427,7174.851758763774,0.0831898424177477,0.8495167281281673,0.7883305854852916
0,20260923,184,185,critical_battery_removal,best_insertion,9,False,infeasible,,54162.69925031314,7704.33643663696,81.3765672721918,28,8,25785.314767617427,7174.851758763774,0.0830234627329122,0.6796133825025339,0.013128178822377632
0,20260923,185,186,related_removal,regret2_insertion,12,False,infeasible,,135305.6434870404,8586.5996294158,83.06953631742326,29,8,25785.314767617427,7174.851758763774,0.08285741580744638,0.11395233330217469,0.6306644683882333
0,20260923,186,187,legacy_neighbor,reorder,0,True,annealed,,37236.560828237925,7696.164812546887,82.96445047041614,29,8,25785.314767617427,7174.851758763774,0.08269170097583148,,
0,20260923,187,188,critical_battery_removal,regret2_insertion,24,False,infeasible,,184871.74128833704,8383.321202729836,83.31041579520003,31,8,25785.314767617427,7174.851758763774,0.08252631757387982,0.5436907060020272,0.5045315747105866
0,20260923,188,189,early_deadline_removal,regret2_insertion,21,False,infeasible,,111383.58502721423,8637.671798946963,84.47613891320835,31,8,25785.314767617427,7174.851758763774,0.08236126493873205,0.054975581388800036,0.4036252597684693
0,20260923,189,190,critical_battery_removal,deadline_first_repair,28,False,infeasible,,204192.56216165156,9146.696484100941,86.65557011540633,30,8,25785.314767617427,7174.851758763774,0.08219654240885459,0.43495256480162175,0.2506130072169067
0,20260923,190,191,critical_battery_removal,regret2_insertion,28,False,infeasible,,211616.19130489827,8542.573709742035,84.06520180021667,30,8,25785.314767617427,7174.851758763774,0.08203214932403688,0.3479620518412974,0.32290020781477546
0,20260923,191,192,critical_battery_removal,regret2_insertion,13,False,infeasible,,75440.86983921756,7920.13225598661,80.91278283712107,28,8,25785.314767617427,7174.851758763774,0.08186808502538881,0.27836964147303794,0.25832016625182036
0,20260923,192,193,critical_battery_removal,makespan_balance_repair,26,False,infeasible,,149667.04307719626,9051.832883885378,86.02236739824352,29,8,25785.314767617427,7174.851758763774,0.08170434885533803,0.22269571317843037,0.02006680825710198
0,20260923,193,194,random_removal,deadline_first_repair,10,False,infeasible,,95984.76386543049,8528.579467383315,83.3762159246626,29,8,25785.314767617427,7174.851758763774,0.08154094015762736,0.06590680985478939,0.2004904057735254
0,20260923,194,195,critical_battery_removal,regret2_insertion,15,False,infeasible,,52593.26026013087,7769.057059418698,83.1570288760136,29,8,25785.314767617427,7174.851758763774,0.0813778582773121,0.1781565705427443,0.2066561330014563
0,20260923,195,196,random_removal,regret2_insertion,22,False,infeasible,,45634.002904559915,8433.428946756228,81.54308027477391,30,8,25785.314767617427,7174.851758763774,0.08121510256075748,0.05272544788383152,0.16532490640116504
0,20260923,196,197,critical_makespan_removal,deadline_first_repair,9,False,infeasible,,42102.5107588958,8119.695489960098,83.93171157781794,29,8,25785.314767617427,7174.851758763774,0.08105267235563597,0.3109733825025337,0.16039232461882033
0,20260923,197,198,legacy_neighbor,insert_service,0,True,annealed,,37236.560828237925,7696.164812546887,82.96445047041614,29,8,25785.314767617427,7174.851758763774,0.0808905670109247,,
0,20260923,198,199,critical_battery_removal,regret2_insertion,21,False,infeasible,,54543.19482378152,7709.166091926701,80.95892158168118,30,8,25785.314767617427,7174.851758763774,0.08072878587690285,0.14252525643419545,0.13225992512093204
0,20260923,199,200,critical_battery_removal,regret2_insertion,12,False,infeasible,,45833.74622192223,7696.164812546887,82.18121829734768,29,8,25785.314767617427,7174.851758763774,0.08056732830514905,0.11402020514735636,0.10580794009674564
0,20260923,200,201,worst_tardiness_removal,regret2_insertion,27,False,infeasible,,111565.58719180526,8217.623866353037,85.29175257387587,31,8,25785.314767617427,7174.851758763774,0.08040619364853875,0.1629296119661942,0.08464635207739651
0,20260923,201,202,critical_makespan_removal,deadline_first_repair,17,False,infeasible,,43378.74323713866,7704.943973131973,82.61013972979605,29,8,25785.314767617427,7174.851758763774,0.08024538126124167,0.24877870600202698,0.12831385969505626
0,20260923,202,203,critical_battery_removal,regret2_insertion,12,False,infeasible,,45833.74622192223,7696.164812546887,82.18121829734768,29,8,25785.314767617427,7174.851758763774,0.08008489049871918,0.09121616411788509,0.06771708166191721
0,20260923,203,204,related_removal,deadline_first_repair,11,False,infeasible,,123913.35311011026,8682.966287859343,84.59163340522288,31,8,25785.314767617427,7174.851758763774,0.07992472071772175,0.09116186664173975,0.10265108775604502
0,20260923,204,205,worst_tardiness_removal,deadline_first_repair,18,False,infeasible,,48884.34827560795,7729.413130932609,82.32552987142448,28,8,25785.314767617427,7174.851758763774,0.0797648712762863,0.13034368957295536,0.08212087020483602
0,20260923,205,206,early_deadline_removal,deadline_first_repair,15,False,infeasible,,147690.01355832536,8976.447305260463,85.82182845214476,30,8,25785.314767617427,7174.851758763774,0.07960534153373373,0.043980465111040035,0.06569669616386882
0,20260923,206,207,critical_makespan_removal,makespan_balance_repair,17,False,infeasible,,94200.23175645091,7729.89586243192,80.81216005293199,28,8,25785.314767617427,7174.851758763774,0.07944613085066626,0.1990229648016216,0.016053446605681584
0,20260923,207,208,critical_makespan_removal,regret2_insertion,26,False,infeasible,,123939.66441163409,8214.271113330387,81.45702884234451,27,8,25785.314767617427,7174.851758763774,0.07928723858896493,0.15921837184129728,0.05417366532953377
0,20260923,208,209,legacy_neighbor,insert_service,0,True,annealed,,37236.560828237925,7696.164812546887,82.96445047041614,29,8,25785.314767617427,7174.851758763774,0.079128664111787,,
0,20260923,209,210,critical_makespan_removal,deadline_first_repair,21,False,infeasible,,90939.51390285927,7709.625535783689,83.73378895009058,29,8,25785.314767617427,7174.851758763774,0.07897040678356343,0.12737469747303784,0.05255735693109506
0,20260923,210,211,critical_battery_removal,best_insertion,27,False,infeasible,,132286.55931235346,8384.844282675589,82.13000452964353,28,8,25785.314767617427,7174.851758763774,0.0788124659699963,0.07297293129430808,0.010502543057902106
0,20260923,211,212,early_deadline_removal,regret2_insertion,22,False,infeasible,,87730.50566636983,8747.226072246065,84.97620566790829,31,8,25785.314767617427,7174.851758763774,0.07865484103805631,0.03518437208883203,0.04333893226362702
0,20260923,212,213,related_removal,regret2_insertion,21,False,infeasible,,98255.09220129113,8446.106588483073,87.05402083996992,29,8,25785.314767617427,7174.851758763774,0.0784975313559802,0.07292949331339181,0.03467114581090162
0,20260923,213,214,random_removal,deadline_first_repair,28,False,infeasible,,166972.8820838419,9182.729507225098,90.31191173607117,31,8,25785.314767617427,7174.851758763774,0.07834053629326825,0.042180358307065215,0.04204588554487605
0,20260923,214,215,critical_makespan_removal,best_insertion,25,False,infeasible,,107195.60359302515,8232.628037328457,83.80457791812627,28,8,25785.314767617427,7174.851758763774,0.0781838552206817,0.10189975797843027,0.008402034446321685
0,20260923,215,216,worst_tardiness_removal,regret2_insertion,11,False,infeasible,,80379.85573597238,8047.798936188506,83.78611686606868,30,8,25785.314767617427,7174.851758763774,0.07802748751024034,0.1042749516583643,0.027736916648721296
0,20260923,216,217,critical_makespan_removal,deadline_first_repair,25,False,infeasible,,80916.13381198452,7688.513520138849,79.07105877265617,27,8,25785.314767617427,7174.851758763774,0.07787143253521986,0.08151980638274423,0.033636708435900844
0,20260923,217,218,worst_tardiness_removal,best_insertion,9,True,pareto,,27889.468171107783,8055.574261928048,84.33433559896694,30,9,25785.314767617427,7174.851758763774,0.07771568967014941,1.2834199613266917,1.2067216275570576
0,20260923,218,219,worst_tardiness_removal,best_insertion,18,False,infeasible,,91003.31636675121,8069.7138889712905,83.45865515509155,29,9,25785.314767617427,7174.851758763774,0.07756025829080912,1.0267359690613533,0.9653773020456461
0,20260923,219,220,legacy_neighbor,swap_boxes,0,True,annealed,,27889.468171107783,8055.574261928048,84.33433559896694,30,9,25785.314767617427,7174.851758763774,0.0774051377742275,,
0,20260923,220,221,worst_tardiness_removal,best_insertion,13,False,infeasible,,91862.24044871173,8437.804667556591,83.96678602452181,30,9,25785.314767617427,7174.851758763774,0.07725032749867905,0.8213887752490827,0.7723018416365169
0,20260923,221,222,critical_makespan_removal,best_insertion,9,False,infeasible,,60445.95158602473,7986.298967598258,81.74885987407501,28,9,25785.314767617427,7174.851758763774,0.07709582684368169,0.06521584510619538,0.6178414733092136
0,20260923,222,223,worst_tardiness_removal,regret2_insertion,18,False,infeasible,,86848.06343600026,8513.409313880853,84.37571381413215,30,9,25785.314767617427,7174.851758763774,0.07694163518999432,0.6571110201992663,0.022189533318977037
0,20260923,223,224,worst_tardiness_removal,best_insertion,23,False,infeasible,,89731.26019765087,8122.507285576822,82.49996082461476,27,9,25785.314767617427,7174.851758763774,0.07678775191961433,0.525688816159413,0.49427317864737086
0,20260923,224,225,worst_tardiness_removal,makespan_balance_repair,14,False,infeasible,,128948.16293159919,8922.74825061757,84.85016603371406,31,9,25785.314767617427,7174.851758763774,0.07663417641577511,0.4205510529275304,0.012842757284545267
0,20260923,225,226,worst_tardiness_removal,deadline_first_repair,25,False,infeasible,,107309.6369026646,8166.264404914838,83.50540911482362,28,9,25785.314767617427,7174.851758763774,0.07648090806294355,0.33644084234202437,0.026909366748720676
0,20260923,226,227,worst_tardiness_removal,best_insertion,12,False,infeasible,,91142.24044871173,8437.804667556591,83.96678602452181,30,9,25785.314767617427,7174.851758763774,0.07632794624681767,0.2691526738736195,0.3954185429178967
0,20260923,227,228,critical_makespan_removal,best_insertion,26,False,infeasible,,73794.3077260323,8277.045131675597,81.79122888545243,29,9,25785.314767617427,7174.851758763774,0.07617529035432404,0.05217267608495631,0.31633483433431736
0,20260923,228,229,worst_tardiness_removal,deadline_first_repair,16,False,infeasible,,86528.49445442596,8163.461334604083,83.85490487669529,29,9,25785.314767617427,7174.851758763774,0.07602293977361539,0.21532213909889564,0.02152749339897654
0,20260923,229,230,critical_battery_removal,best_insertion,16,False,infeasible,,46752.46386187989,8284.9222279856,83.55847061204558,30,9,25785.314767617427,7174.851758763774,0.07587089389406816,0.05837834503544647,0.2530678674674539
0,20260923,230,231,legacy_neighbor,priority_order,0,True,annealed,,27889.468171107783,8487.424383385049,84.33433559896694,30,9,25785.314767617427,7174.851758763774,0.07571915210628002,,
0,20260923,231,232,critical_battery_removal,best_insertion,17,False,infeasible,,73660.23802855382,8492.697378307223,86.10080007000052,31,9,25785.314767617427,7174.851758763774,0.07556771380206746,0.046702676028357176,0.20245429397396314
0,20260923,232,233,worst_tardiness_removal,best_insertion,10,False,infeasible,,78722.08386658787,7829.935131339454,83.78611686606868,30,9,25785.314767617427,7174.851758763774,0.07541657837446333,0.17225771127911652,0.16196343517917053
0,20260923,233,234,worst_tardiness_removal,best_insertion,15,False,infeasible,,127410.27775321153,8394.595255431554,84.42102837583367,30,9,25785.314767617427,7174.851758763774,0.07526574521771441,0.1378061690232932,0.12957074814333644
0,20260923,234,235,worst_tardiness_removal,best_insertion,11,False,infeasible,,111962.59276966807,8179.333604799747,83.4337009111465,30,9,25785.314767617427,7174.851758763774,0.07511521372727899,0.11024493521863457,0.10365659851466916
0,20260923,235,236,random_removal,regret2_insertion,20,False,infeasible,,124588.8453471617,8240.807234949589,84.98750409701525,30,9,25785.314767617427,7174.851758763774,0.07496498329982443,0.033744286645652176,0.01775162665518163
0,20260923,236,237,critical_makespan_removal,best_insertion,14,False,infeasible,,37049.85635582095,8487.324605309295,83.08405709220987,29,9,25785.314767617427,7174.851758763774,0.07481505333322477,0.04173814086796505,0.08292527881173534
0,20260923,237,238,early_deadline_removal,best_insertion,24,False,infeasible,,261589.87654302103,9122.88501989702,91.57874044214658,34,9,25785.314767617427,7174.851758763774,0.07466542322655832,0.028147497671065627,0.06634022304938827
0,20260923,238,239,critical_makespan_removal,best_insertion,21,False,infeasible,,52070.28004615425,8863.183588014817,82.64489974214452,29,9,25785.314767617427,7174.851758763774,0.0745160923801052,0.033390512694372036,0.05307217843951062
0,20260923,239,240,related_removal,deadline_first_repair,28,False,infeasible,,112231.43201570289,8032.733008332361,82.40762197433777,29,9,25785.314767617427,7174.851758763774,0.07436706019534499,0.058343594650713454,0.017221994719181233
0,20260923,240,241,critical_makespan_removal,best_insertion,18,False,infeasible,,43655.545611872454,8227.265114574242,81.84274978096492,29,9,25785.314767617427,7174.851758763774,0.0742183260749543,0.02671241015549763,0.0424577427516085
0,20260923,241,242,legacy_neighbor,split,0,True,annealed,,27889.468171107783,8487.424383385049,84.33433559896694,30,9,25785.314767617427,7174.851758763774,0.07406988942280439,,
0,20260923,242,243,related_removal,makespan_balance_repair,25,True,pareto,,61824.33598898684,7310.503605188382,79.62143217050213,28,9,25785.314767617427,7174.851758763774,0.07392174964395878,1.246674875720571,1.2102742058276363
0,20260923,243,244,related_removal,makespan_balance_repair,23,False,infeasible,,71732.11423256491,8492.306977906272,82.45773011038416,28,9,25785.314767617427,7174.851758763774,0.07377390614467087,0.9973399005764568,0.9682193646621091
0,20260923,244,245,related_removal,makespan_balance_repair,15,False,infeasible,,68970.55706299,7770.455897848429,80.27277148263771,27,9,25785.314767617427,7174.851758763774,0.07362635833238153,0.7978719204611655,0.7745754917296873
0,20260923,245,246,related_removal,makespan_balance_repair,9,False,infeasible,,87385.27905290993,8912.029314018588,84.66784290475582,29,9,25785.314767617427,7174.851758763774,0.07347910561571676,0.6382975363689325,0.6196603933837499
0,20260923,246,247,worst_tardiness_removal,makespan_balance_repair,14,False,infeasible,,130574.73583475097,7737.80754116945,77.61429075504526,26,9,25785.314767617427,7174.851758763774,0.07333214740448532,0.08819594817490767,0.49572831470699996
0,20260923,247,248,related_removal,makespan_balance_repair,20,False,infeasible,,97005.77853532182,8592.344673125279,81.68973538465733,29,9,25785.314767617427,7174.851758763774,0.07318548310967635,0.510638029095146,0.3965826517656
0,20260923,248,249,worst_tardiness_removal,makespan_balance_repair,16,False,infeasible,,166817.16365574548,7992.616363750183,77.89689409543475,26,9,25785.314767617427,7174.851758763774,0.073039112143457,0.07055675853992614,0.31726612141248
0,20260923,249,250,related_removal,makespan_balance_repair,27,False,infeasible,,233944.1648557957,8724.88848963011,85.54402951271402,29,9,25785.314767617427,7174.851758763774,0.07289303391917008,0.4085104232761168,0.253812897129984
0,20260923,250,251,related_removal,makespan_balance_repair,16,False,infeasible,,113304.22861305297,8148.919841978384,79.43615759408574,28,9,25785.314767617427,7174.851758763774,0.07274724785133174,0.3268083386208935,0.2030503177039872
0,20260923,251,252,worst_tardiness_removal,makespan_balance_repair,9,False,infeasible,,81391.40259560346,7497.806453455763,79.462486092181,27,9,25785.314767617427,7174.851758763774,0.07260175335562907,0.056445406831940916,0.16244025416318977
0,20260923,252,253,legacy_neighbor,two_opt,0,True,pareto,,61824.33598898684,7260.857131469751,79.40083865732666,28,9,25785.314767617427,7174.851758763774,0.07245654984891782,,
0,20260923,253,254,worst_tardiness_removal,best_insertion,11,False,infeasible,,107073.89820075987,8076.9198412166015,80.27898215594921,28,9,25785.314767617427,7174.851758763774,0.07231163674921999,0.04515632546555273,0.0339661942012868
0,20260923,254,255,related_removal,best_insertion,23,False,infeasible,,150578.02641969293,8163.383398193826,82.74095373983657,30,9,25785.314767617427,7174.851758763774,0.07216701347572155,0.2614466708967148,0.02717295536102944
0,20260923,255,256,related_removal,makespan_balance_repair,15,False,infeasible,,76627.92024397623,7619.307214734224,82.56222566711658,28,9,25785.314767617427,7174.851758763774,0.07202267944877011,0.20915733671737186,0.12995220333055182
0,20260923,256,257,random_removal,makespan_balance_repair,9,False,infeasible,,102292.22117245983,8085.235742411783,81.99108422684746,28,9,25785.314767617427,7174.851758763774,0.07187863408987256,0.02699542931652174,0.10396176266444146
0,20260923,257,258,related_removal,regret2_insertion,17,False,infeasible,,85622.13829941268,7797.231290837121,80.36113752481839,27,9,25785.314767617427,7174.851758763774,0.07173487682169281,0.16732586937389748,0.014201301324145306
0,20260923,258,259,related_removal,regret2_insertion,24,False,infeasible,,79115.54474699561,7260.85713146975,78.18354791370194,27,9,25785.314767617427,7174.851758763774,0.07159140706804942,0.133860695499118,0.011361041059316245
0,20260923,259,260,related_removal,makespan_balance_repair,21,False,infeasible,,103113.12229577608,8166.877794134841,85.2074473982901,29,9,25785.314767617427,7174.851758763774,0.07144822425391333,0.1070885563992944,0.08316941013155317
0,20260923,260,261,early_deadline_removal,makespan_balance_repair,23,False,infeasible,,331922.50294180005,8498.187559729704,83.39325076147341,29,9,25785.314767617427,7174.851758763774,0.0713053278054055,0.022517998136852502,0.06653552810524253
0,20260923,261,262,related_removal,makespan_balance_repair,21,False,infeasible,,210772.65654469506,7685.892217903976,81.90526579564082,28,9,25785.314767617427,7174.851758763774,0.07116271714979468,0.08567084511943553,0.05322842248419403
0,20260923,262,263,worst_tardiness_removal,makespan_balance_repair,11,False,infeasible,,121662.62585707086,8460.373950570549,80.30868368626803,29,9,25785.314767617427,7174.851758763774,0.07102039171549508,0.03612506037244219,0.04258273798735523
0,20260923,263,264,legacy_neighbor,merge,0,True,annealed,,61824.33598898684,7260.857131469751,79.40083865732666,28,9,25785.314767617427,7174.851758763774,0.07087835093206409,,
0,20260923,264,265,critical_battery_removal,regret2_insertion,13,False,infeasible,,72051.94257404273,7443.472124225846,80.52271719296574,28,9,25785.314767617427,7174.851758763774,0.07073659423019996,0.03736214082268574,0.009088832847452996
0,20260923,265,266,critical_makespan_removal,regret2_insertion,10,True,pareto,,65689.93241956618,7232.935193657126,78.36930023652559,28,10,25785.314767617427,7174.851758763774,0.07059512104173955,1.2213699281243984,1.2072710662779627
0,20260923,266,267,critical_makespan_removal,regret2_insertion,23,False,infeasible,,115844.81508415533,8106.33407495618,80.35954843161774,28,10,25785.314767617427,7174.851758763774,0.07045393079965608,0.9770959424995187,0.9658168530223702
0,20260923,267,268,related_removal,regret2_insertion,13,False,infeasible,,126848.65801031401,8014.793799252585,79.42587339803445,30,10,25785.314767617427,7174.851758763774,0.07031302293805676,0.06853667609554842,0.7726534824178962
0,20260923,268,269,critical_makespan_removal,regret2_insertion,23,False,infeasible,,115844.81508415533,8106.33407495618,80.35954843161774,28,10,25785.314767617427,7174.851758763774,0.07017239689218065,0.781676753999615,0.618122785934317
0,20260923,269,270,related_removal,regret2_insertion,10,False,infeasible,,84049.5679005158,7249.637198032009,76.19556448153077,27,10,25785.314767617427,7174.851758763774,0.07003205209839629,0.05482934087643874,0.49449822874745364
0,20260923,270,271,critical_makespan_removal,regret2_insertion,20,False,infeasible,,76517.90740222039,8719.795659022055,82.5096570078988,27,10,25785.314767617427,7174.851758763774,0.06989198799419949,0.625341403199692,0.3955985829979629
0,20260923,271,272,related_removal,regret2_insertion,25,False,infeasible,,275369.3308374835,8034.029265443044,84.05585041721244,29,10,25785.314767617427,7174.851758763774,0.06975220401821108,0.04386347270115099,0.31647886639837036
0,20260923,272,273,critical_makespan_removal,regret2_insertion,19,False,infeasible,,80260.04168167608,7773.56025233146,79.28965111635937,27,10,25785.314767617427,7174.851758763774,0.06961269961017466,0.5002731225597536,0.2531830931186963
0,20260923,273,274,critical_makespan_removal,regret2_insertion,18,False,infeasible,,88044.74818848778,7829.935131339454,78.88134907295294,28,10,25785.314767617427,7174.851758763774,0.06947347421095432,0.40021849804780296,0.20254647449495705
0,20260923,274,275,legacy_neighbor,remove_reinsert,0,True,pareto,,65689.93241956618,7232.935193657126,78.08648723931582,28,10,25785.314767617427,7174.851758763774,0.0693345272625324,,
0,20260923,275,276,critical_makespan_removal,regret2_insertion,19,False,infeasible,,80260.04168167608,7773.56025233146,79.00683811914959,27,10,25785.314767617427,7174.851758763774,0.06919585820800735,0.32017479843824237,0.16203717959596564
0,20260923,276,277,random_removal,makespan_balance_repair,27,False,infeasible,,128765.58967231648,8322.626639036174,82.633541188702,28,10,25785.314767617427,7174.851758763774,0.06905746649159133,0.021596343453217395,0.034066190389884184
0,20260923,277,278,critical_makespan_removal,deadline_first_repair,10,False,infeasible,,80517.91967731601,7335.944632820258,79.46186245649173,28,10,25785.314767617427,7174.851758763774,0.06891935155860815,0.25613983875059393,0.013777595775344986
0,20260923,278,279,critical_makespan_removal,makespan_balance_repair,13,False,infeasible,,93020.5369144224,8158.928069884055,81.26969733665995,28,10,25785.314767617427,7174.851758763774,0.06878151285549093,0.20491187100047514,0.027252952311907348
0,20260923,279,280,random_removal,regret2_insertion,12,True,pareto,,87308.8466419905,7214.9130828123425,76.97810706621337,29,10,25785.314767617427,7174.851758763774,0.06864394982977995,1.217277074762574,1.3296297436767728
0,20260923,280,281,random_removal,regret2_insertion,24,False,infeasible,,136608.7467844543,7856.609373695132,76.37053297768296,28,10,25785.314767617427,7174.851758763774,0.0685066619301204,0.9738216598100593,1.0637037949414183
0,20260923,281,282,random_removal,regret2_insertion,13,False,infeasible,,102034.85651646816,7987.616584917226,77.08423601961809,29,10,25785.314767617427,7174.851758763774,0.06836964860626016,0.7790573278480475,0.8509630359531347
0,20260923,282,283,random_removal,regret2_insertion,28,False,infeasible,,115353.37586855111,8232.114312304955,80.98054640427767,29,10,25785.314767617427,7174.851758763774,0.06823290930904764,0.623245862278438,0.6807704287625078
0,20260923,283,284,random_removal,regret2_insertion,14,False,infeasible,,89210.79975994336,8278.222897136846,75.21598012550555,29,10,25785.314767617427,7174.851758763774,0.06809644349042955,0.49859668982275046,0.5446163430100063
0,20260923,284,285,critical_makespan_removal,regret2_insertion,11,False,infeasible,,91825.01336421905,7250.682408330947,76.22146017417239,27,10,25785.314767617427,7174.851758763774,0.0679602506034487,0.16392949680038013,0.43569307440800503
0,20260923,285,286,legacy_neighbor,move_partial,0,True,annealed,,87308.8466419905,7214.9130828123425,76.97810706621337,29,10,25785.314767617427,7174.851758763774,0.0678243301022418,,
0,20260923,286,287,random_removal,regret2_insertion,27,True,pareto,,66692.36368674989,7214.027928165398,74.99503522648503,28,10,25785.314767617427,7174.851758763774,0.06768868144203731,1.5988773518582007,1.5485544595264042
0,20260923,287,288,random_removal,regret2_insertion,23,False,infeasible,,159429.92584937703,8570.575554868466,81.47877035801558,30,10,25785.314767617427,7174.851758763774,0.06755330407915323,1.2791018814865607,1.2388435676211236
0,20260923,288,289,random_removal,makespan_balance_repair,17,False,infeasible,,68844.70163041443,8839.672037451646,77.74192339258458,29,10,25785.314767617427,7174.851758763774,0.06741819747099492,1.0232815051892485,0.02180236184952588
0,20260923,289,290,random_removal,regret2_insertion,20,True,pareto,,98957.02850814498,7009.228172401064,75.84673273535269,28,9,25785.314767617427,7009.228172401064,0.06728336107605293,2.018625204151399,2.191074854096899
0,20260923,290,291,random_removal,regret2_insertion,14,False,infeasible,,150144.839508669,7989.192761500438,77.473259100731,28,9,25785.314767617427,7009.228172401064,0.06714879435390082,1.6149001633211193,1.7528598832775193
0,20260923,291,292,random_removal,regret2_insertion,9,False,infeasible,,148465.88307625015,7755.611300528145,75.96620793992273,28,9,25785.314767617427,7009.228172401064,0.06701449676519303,1.2919201306568955,1.4022879066220155
0,20260923,292,293,critical_makespan_removal,regret2_insertion,17,True,improved_current,,84608.0509496792,7384.206057189892,75.62253717884637,27,9,25785.314767617427,7009.228172401064,0.06688046777166264,0.7311435974403042,1.7218303252976126
0,20260923,293,294,random_removal,best_insertion,28,False,infeasible,,259287.93875295733,8262.41326850339,78.14866566625112,28,9,25785.314767617427,7009.228172401064,0.06674670683611932,1.0335361045255165,0.021738364288823555
0,20260923,294,295,random_removal,regret2_insertion,15,False,infeasible,,99596.71331944535,7384.206057189892,75.63106196863227,27,9,25785.314767617427,7009.228172401064,0.06661321342244708,0.8268288836204132,1.3774642602380902
0,20260923,295,296,random_removal,regret2_insertion,20,False,infeasible,,101146.57601221168,7538.338999583737,75.90685600492777,27,9,25785.314767617427,7009.228172401064,0.06647998699560219,0.6614631068963306,1.1019714081904721
0,20260923,296,297,legacy_neighbor,swap_boxes,0,True,annealed,,84608.0509496792,7384.206057189892,78.1296726002552,27,9,25785.314767617427,7009.228172401064,0.06634702702161098,,
0,20260923,297,298,random_removal,regret2_insertion,12,False,infeasible,,166477.67252486525,7627.36600648238,79.3485647175569,28,9,25785.314767617427,7009.228172401064,0.06621433296756776,0.5291704855170645,0.8815771265523777
0,20260923,298,299,random_removal,regret2_insertion,16,False,infeasible,,197788.35181845783,7629.270847762488,78.73612960655986,29,9,25785.314767617427,7009.228172401064,0.06608190430163263,0.4233363884136516,0.7052617012419022
0,20260923,299,300,early_deadline_removal,regret2_insertion,19,False,infeasible,,167940.74374514297,7884.249817474903,81.87975782225692,28,9,25785.314767617427,7009.228172401064,0.06594974049302936,0.018014398509482003,0.5642093609935218
0,20260923,300,301,random_removal,regret2_insertion,16,False,infeasible,,117521.9623046314,7670.316945513994,76.61354114423415,28,9,25785.314767617427,7009.228172401064,0.0658178410120433,0.3386691107309213,0.4513674887948175
0,20260923,301,302,critical_makespan_removal,regret2_insertion,13,True,improved_current,,71376.55500214967,7893.650583326461,78.74991454793137,29,9,25785.314767617427,7009.228172401064,0.06568620533001922,1.1849148779522434,0.961093991035854
0,20260923,302,303,critical_makespan_removal,regret2_insertion,28,False,infeasible,,89460.72004904388,8058.789084079668,77.98022574896837,27,9,25785.314767617427,7009.228172401064,0.06555483291935918,0.9479319023617947,0.7688751928286832
0,20260923,303,304,critical_makespan_removal,regret2_insertion,20,False,infeasible,,116821.46450221307,7958.377531259082,81.34785268828401,28,9,25785.314767617427,7009.228172401064,0.06542372325352046,0.7583455218894358,0.6151001542629466
0,20260923,304,305,critical_makespan_removal,regret2_insertion,23,False,infeasible,,129294.43913008974,7768.841535743815,82.97466637327611,27,9,25785.314767617427,7009.228172401064,0.06529287580701341,0.6066764175115487,0.49208012341035734
0,20260923,305,306,critical_makespan_removal,regret2_insertion,12,True,improved_current,,72096.55500214967,7510.7532195977765,77.01859366266854,28,9,25785.314767617427,7009.228172401064,0.06516229005539939,1.085341134009239,0.993664098728286
0,20260923,306,307,critical_makespan_removal,regret2_insertion,22,False,infeasible,,105064.05955341631,8069.796863401852,79.95360997999943,28,9,25785.314767617427,7009.228172401064,0.0650319654752886,0.8682729072073911,0.7949312789826288
0,20260923,307,308,legacy_neighbor,relocate_box,0,True,annealed,,72096.55500214967,7510.7532195977765,77.01859366266854,28,9,25785.314767617427,7009.228172401064,0.06490190154433802,,
0,20260923,308,309,critical_makespan_removal,makespan_balance_repair,17,False,infeasible,,153280.5163864032,7839.408211299735,81.73465636538637,28,9,25785.314767617427,7009.228172401064,0.06477209774124934,0.694618325765913,0.017441889479620703
0,20260923,309,310,critical_makespan_removal,regret2_insertion,26,False,infeasible,,103328.46511886723,8135.697614599996,78.58092280384457,27,9,25785.314767617427,7009.228172401064,0.06464255354576684,0.5556946606127304,0.6359450231861031
0,20260923,310,311,critical_makespan_removal,regret2_insertion,22,False,infeasible,,105064.05955341631,8069.796863401852,79.95360997999943,28,9,25785.314767617427,7009.228172401064,0.0645132684386753,0.4445557284901844,0.5087560185488825
0,20260923,311,312,early_deadline_removal,regret2_insertion,9,False,infeasible,,158766.42993234313,7573.070627717629,76.26911596273787,28,9,25785.314767617427,7009.228172401064,0.06438424190179795,0.014411518807585602,0.40700481483910605
0,20260923,312,313,random_removal,regret2_insertion,9,False,infeasible,,83937.36880383424,7701.409993674238,75.87002162614125,28,9,25785.314767617427,7009.228172401064,0.06425547341799435,0.2709352885847371,0.3256038518712849
0,20260923,313,314,random_removal,regret2_insertion,17,False,infeasible,,114169.33201523194,7848.757555419043,79.89121203835357,29,9,25785.314767617427,7009.228172401064,0.06412696247115837,0.2167482308677897,0.2604830814970279
0,20260923,314,315,random_removal,regret2_insertion,22,False,infeasible,,173963.83968157342,8026.086421304954,79.54724708629158,29,9,25785.314767617427,7009.228172401064,0.06399870854621606,0.17339858469423175,0.20838646519762236
0,20260923,315,316,critical_makespan_removal,regret2_insertion,16,False,infeasible,,116834.39983732936,7539.004849634301,79.17342639141438,29,9,25785.314767617427,7009.228172401064,0.06387071112912363,0.3556445827921475,0.16670917215809788
0,20260923,316,317,critical_makespan_removal,deadline_first_repair,23,False,infeasible,,97770.47369240192,8162.255015614443,86.32213190264247,28,9,25785.314767617427,7009.228172401064,0.06374296970686538,0.284515666233718,0.011022076620275989
0,20260923,317,318,critical_makespan_removal,regret2_insertion,21,False,infeasible,,104619.90607013402,8129.796863401852,78.07608947453708,28,9,25785.314767617427,7009.228172401064,0.06361548376745166,0.2276125329869744,0.13336733772647832
0,20260923,318,319,legacy_neighbor,merge,0,True,annealed,,72096.55500214967,7510.7532195977765,77.01859366266854,28,9,25785.314767617427,7009.228172401064,0.06348825279991675,,
0,20260923,319,320,random_removal,regret2_insertion,19,False,infeasible,,152505.76012275842,8636.861517650126,76.00214775536597,28,9,25785.314767617427,7009.228172401064,0.06336127629431693,0.13871886775538542,0.10669387018118266
0,20260923,320,321,critical_makespan_removal,regret2_insertion,27,False,infeasible,,180757.99876031798,8283.980752211493,81.784006482965,28,9,25785.314767617427,7009.228172401064,0.06323455374172829,0.18209002638957952,0.08535509614494613
0,20260923,321,322,critical_makespan_removal,regret2_insertion,9,True,improved_current,,72096.55500214966,7407.156241112066,77.01859366266854,28,9,25785.314767617427,7009.228172401064,0.06310808463424483,0.7456720211116638,0.668284076915957
0,20260923,322,323,random_removal,regret2_insertion,16,False,infeasible,,142189.91026019116,8405.879901278833,77.73176317049835,29,9,25785.314767617427,7009.228172401064,0.06298186846497635,0.11097509420430834,0.5346272615327656
0,20260923,323,324,critical_makespan_removal,regret2_insertion,27,False,infeasible,,66367.69193564057,8006.763690697475,78.60598288323045,27,9,25785.314767617427,7009.228172401064,0.06285590472804639,0.596537616889331,0.42770180922621254
0,20260923,324,325,critical_makespan_removal,deadline_first_repair,14,False,infeasible,,78523.22336170921,7815.880683053862,81.56882051447457,29,9,25785.314767617427,7009.228172401064,0.0627301929185903,0.47723009351146484,0.008817661296220792
0,20260923,325,326,critical_makespan_removal,regret2_insertion,26,False,infeasible,,98763.44091862338,7773.679788607157,79.46358828929637,27,9,25785.314767617427,7009.228172401064,0.06260473253275313,0.38178407480917187,0.34216144738097004
0,20260923,326,327,related_removal,regret2_insertion,16,False,infeasible,,206442.2679700445,8081.242013988779,80.41376883158155,30,9,25785.314767617427,7009.228172401064,0.06247952306768762,0.035090778160920794,0.27372915790477603
0,20260923,327,328,critical_makespan_removal,regret2_insertion,14,False,infeasible,,104619.90607013402,7407.156241112066,77.75208055148619,28,9,25785.314767617427,7009.228172401064,0.06235456402155225,0.30542725984733754,0.21898332632382084
0,20260923,328,329,critical_makespan_removal,regret2_insertion,23,False,infeasible,,180005.48859571028,8921.603914774638,85.69906872196225,30,9,25785.314767617427,7009.228172401064,0.06222985489350914,0.24434180787787005,0.17518666105905667
0,20260923,329,330,legacy_neighbor,split,0,True,annealed,,72096.55500214966,7407.156241112066,77.01859366266854,28,9,25785.314767617427,7009.228172401064,0.06210539518372212,,
0,20260923,330,331,random_removal,regret2_insertion,25,False,infeasible,,195421.8936335421,8090.141371675203,78.776050339111,30,9,25785.314767617427,7009.228172401064,0.06198118439335468,0.08878007536344668,0.14014932884724535
0,20260923,331,332,critical_makespan_removal,regret2_insertion,14,False,infeasible,,104619.90607013402,7407.156241112066,77.75208055148619,28,9,25785.314767617427,7009.228172401064,0.06185722202456797,0.19547344630229604,0.11211946307779629
0,20260923,332,333,critical_makespan_removal,regret2_insertion,12,False,infeasible,,117566.8195034129,7893.650583326461,79.16594355272497,28,9,25785.314767617427,7009.228172401064,0.061733507580518834,0.15637875704183685,0.08969557046223703
0,20260923,333,334,random_removal,best_insertion,22,False,infeasible,,175694.59618822188,8226.844409193303,79.98925411760743,28,9,25785.314767617427,7009.228172401064,0.06161004056535779,0.07102406029075735,0.017390691431058845
0,20260923,334,335,early_deadline_removal,regret2_insertion,10,False,infeasible,,155124.89219799553,7561.6479730686815,76.26911596273787,28,9,25785.314767617427,7009.228172401064,0.06148682048422708,0.011529215046068483,0.07175645636978963
0,20260923,335,336,critical_makespan_removal,regret2_insertion,24,False,infeasible,,145846.5145058521,8280.351942023995,80.68702165483248,28,9,25785.314767617427,7009.228172401064,0.06136384684325862,0.1251030056334695,0.057405165095831705
0,20260923,336,337,critical_makespan_removal,regret2_insertion,16,False,infeasible,,104619.90607013402,7407.156241112066,77.75208055148619,28,9,25785.314767617427,7009.228172401064,0.06124111914957211,0.1000824045067756,0.04592413207666537
0,20260923,337,338,random_removal,regret2_insertion,25,False,infeasible,,163600.34918485064,8070.5022982631945,78.7053326537154,29,9,25785.314767617427,7009.228172401064,0.061118636911272964,0.05681924823260588,0.036739305661332294
0,20260923,338,339,critical_makespan_removal,makespan_balance_repair,24,False,infeasible,,144196.75295204288,8398.896746843533,86.67397931262076,29,9,25785.314767617427,7009.228172401064,0.06099639963745042,0.08006592360542047,0.013953511583696563
0,20260923,339,340,critical_makespan_removal,regret2_insertion,23,False,infeasible,,180005.48859571028,8921.603914774638,85.69906872196225,30,9,25785.314767617427,7009.228172401064,0.06087440683817552,0.06405273888433638,0.029391444529065835
0,20260923,340,341,legacy_neighbor,priority_order,0,True,annealed,,72096.55500214967,7672.380344478135,77.01859366266854,28,9,25785.314767617427,7009.228172401064,0.06075265802449917,,
0,20260923,341,342,related_removal,deadline_first_repair,23,False,infeasible,,147346.41429166574,8266.630573019936,78.93900997240326,30,9,25785.314767617427,7009.228172401064,0.06063115270845017,0.028072622528736636,0.007054129036976634
0,20260923,342,343,related_removal,regret2_insertion,14,False,infeasible,,98946.8147727612,7672.380344478135,75.29297077861362,29,9,25785.314767617427,7009.228172401064,0.06050989040303327,0.02245809802298931,0.02351315562325267
0,20260923,343,344,random_removal,regret2_insertion,23,False,infeasible,,128635.20531698082,8367.182900474305,80.22700557295438,30,9,25785.314767617427,7009.228172401064,0.060388870622227205,0.04545539858608471,0.018810524498602137
0,20260923,344,345,related_removal,best_insertion,17,False,infeasible,,100867.54141916303,7383.145436907206,75.43834478025506,28,9,25785.314767617427,7009.228172401064,0.06026809288098275,0.01796647841839145,0.013912553144847076
0,20260923,345,346,critical_makespan_removal,regret2_insertion,13,False,infeasible,,87610.4626624585,7734.27912461927,79.42684196216373,27,9,25785.314767617427,7009.228172401064,0.06014755669522078,0.05124219110746911,0.01504841959888171
0,20260923,346,347,critical_makespan_removal,regret2_insertion,19,False,infeasible,,102205.13422531862,8187.7562106438945,82.11967906132789,27,9,25785.314767617427,7009.228172401064,0.06002726158183034,0.04099375288597529,0.01203873567910537
0,20260923,347,348,worst_tardiness_removal,deadline_first_repair,16,False,infeasible,,188681.04675446422,8088.315520049304,74.90122441009619,28,9,25785.314767617427,7009.228172401064,0.05990720705866668,0.028900048297953753,0.005643303229581308
0,20260923,348,349,critical_battery_removal,regret2_insertion,19,False,infeasible,,166273.94359625215,7672.380344478135,78.06787667907854,28,9,25785.314767617427,7009.228172401064,0.059787392644549346,0.029889712658148593,0.009630988543284296
0,20260923,349,350,critical_makespan_removal,deadline_first_repair,18,False,infeasible,,88369.5835060692,8045.299283754717,83.37580537396839,29,9,25785.314767617427,7009.228172401064,0.059667817859260244,0.032795002308780234,0.004514642583665046
0,20260923,350,351,random_removal,best_insertion,14,False,infeasible,,143259.50257037632,7914.101344692593,78.67624930814317,28,9,25785.314767617427,7009.228172401064,0.05954848222354173,0.03636431886886777,0.011130042515877661
0,20260923,351,352,legacy_neighbor,remove_reinsert,0,True,annealed,,72096.55500214967,7672.380344478135,77.01859366266854,28,9,25785.314767617427,7009.228172401064,0.05942938525909464,,
0,20260923,352,353,worst_tardiness_removal,makespan_balance_repair,21,False,infeasible,,180220.04427591883,8129.796863401852,73.7476031181893,27,9,25785.314767617427,7009.228172401064,0.05931052648857645,0.023120038638363004,0.01116280926695725
0,20260923,353,354,related_removal,regret2_insertion,19,False,infeasible,,118427.04756101384,8340.544467408055,78.8541344597516,29,9,25785.314767617427,7009.228172401064,0.0591919054355993,0.014373182734713162,0.007704790834627437
0,20260923,354,355,related_removal,makespan_balance_repair,27,False,infeasible,,258630.63933052623,7990.3364993846535,85.81775670535127,30,9,25785.314767617427,7009.228172401064,0.059073521624728106,0.01149854618777053,0.0089302474135658
0,20260923,355,356,random_removal,deadline_first_repair,9,False,infeasible,,107684.93722433179,7790.864382365244,79.10468527262452,29,9,25785.314767617427,7009.228172401064,0.05895537458147865,0.029091455095094216,0.003611714066932037
0,20260923,356,357,worst_tardiness_removal,makespan_balance_repair,9,True,improved_current,,67722.44462127557,7672.380344478135,74.72733777115978,28,9,25785.314767617427,7009.228172401064,0.05883746383231569,0.6184960309106905,0.6071441979308527
0,20260923,357,358,random_removal,makespan_balance_repair,25,False,infeasible,,122160.90381512581,7862.322625593535,75.22450285248838,27,9,25785.314767617427,7009.228172401064,0.05871978890465106,0.023273164076075374,0.4857153583446822
0,20260923,358,359,worst_tardiness_removal,best_insertion,14,False,infeasible,,157685.74671130002,8028.315520049304,76.49160767549223,30,9,25785.314767617427,7009.228172401064,0.05860234932684175,0.4947968247285524,0.00890403401270213
0,20260923,359,360,worst_tardiness_removal,makespan_balance_repair,21,False,infeasible,,88501.28584309942,7797.526846052504,73.53047322792393,27,9,25785.314767617427,7009.228172401064,0.05848514462818807,0.39583745978284196,0.3885722866757458
0,20260923,360,361,worst_tardiness_removal,makespan_balance_repair,16,True,pareto,,57323.059440896715,7288.342584870974,73.79395813151645,27,10,25785.314767617427,7009.228172401064,0.05836817433893169,1.5166699678262738,1.5108578293405968
0,20260923,361,362,worst_tardiness_removal,makespan_balance_repair,19,False,infeasible,,121606.91417902407,7015.799287027343,73.39362254140572,27,10,25785.314767617427,7009.228172401064,0.058251437990253827,1.2133359742610192,1.2086862634724775
0,20260923,362,363,legacy_neighbor,priority_order,0,True,pareto,,56249.70126189701,7097.370274185955,73.79395813151645,27,7,25785.314767617427,7009.228172401064,0.05813493511427332,,
0,20260923,363,364,worst_tardiness_removal,makespan_balance_repair,20,False,infeasible,,144425.43592744556,7911.661407264402,73.48102153339872,27,7,25785.314767617427,7009.228172401064,0.058018665244044774,0.9706687794088155,0.9669490107779821
0,20260923,364,365,worst_tardiness_removal,makespan_balance_repair,15,False,infeasible,,147038.39367286212,7305.983079918906,73.8116687303876,27,7,25785.314767617427,7009.228172401064,0.05790262791355669,0.7765350235270524,0.7735592086223857
0,20260923,365,366,worst_tardiness_removal,makespan_balance_repair,21,False,infeasible,,144425.43592744556,7911.661407264402,73.48102153339872,27,7,25785.314767617427,7009.228172401064,0.057786822657729574,0.6212280188216419,0.6188473668979086
0,20260923,366,367,worst_tardiness_removal,makespan_balance_repair,21,False,infeasible,,144425.43592744556,7911.661407264402,73.48102153339872,27,7,25785.314767617427,7009.228172401064,0.05767124901241411,0.49698241505731355,0.49507789351832693
0,20260923,367,368,worst_tardiness_removal,makespan_balance_repair,25,False,infeasible,,133920.91034491005,7816.6223285375245,75.62861653248629,27,7,25785.314767617427,7009.228172401064,0.057555906514389285,0.39758593204585085,0.3960623148146616
0,20260923,368,369,worst_tardiness_removal,makespan_balance_repair,10,True,improved_current,,44462.64279248248,7610.326814164709,74.77042741656749,28,7,25785.314767617427,7009.228172401064,0.05744079470136051,0.9180687456366807,0.9168498518517294
0,20260923,369,370,worst_tardiness_removal,makespan_balance_repair,15,False,infeasible,,147038.39367286212,7305.983079918906,73.8116687303876,27,7,25785.314767617427,7009.228172401064,0.05732591311195779,0.7344549965093446,0.7334798814813835
0,20260923,370,371,critical_makespan_removal,makespan_balance_repair,14,True,pareto,,34175.04611321234,7565.567419990866,75.96785552190404,28,7,25785.314767617427,7009.228172401064,0.05721126128573387,1.2262360018470244,1.786783905185107
0,20260923,371,372,critical_makespan_removal,makespan_balance_repair,10,False,infeasible,,47546.1259117424,7720.08378456185,75.92976915881117,28,7,25785.314767617427,7009.228172401064,0.057096838763162405,0.9809888014776196,1.4294271241480858
0,20260923,372,373,worst_tardiness_removal,makespan_balance_repair,18,False,infeasible,,43990.01353700557,7573.2904494369905,75.23367409254854,27,7,25785.314767617427,7009.228172401064,0.05698264508563608,0.5875639972074758,1.1435416993184686
0,20260923,373,374,legacy_neighbor,move_partial,0,True,annealed,,34175.04611321234,7565.567419990866,75.96785552190404,28,7,25785.314767617427,7009.228172401064,0.05686867979546481,,
0,20260923,374,375,critical_makespan_removal,makespan_balance_repair,20,False,infeasible,,103863.2900078102,8507.25759992615,83.93685572496939,29,7,25785.314767617427,7009.228172401064,0.05675494243587388,0.7847910411820957,0.914833359454775
1,20260924,0,376,worst_tardiness_removal,makespan_balance_repair,27,True,improved_current,,166844.17643467794,9822.446647631194,102.24536216191949,37,7,25785.314767617427,7009.228172401064,0.12,1.0700511977659808,1.33186668756382
1,20260924,1,377,critical_makespan_removal,makespan_balance_repair,20,False,infeasible,,216886.3710367001,8587.37879023665,90.66304028303993,31,7,25785.314767617427,7009.228172401064,0.11975999999999999,0.6278328329456766,1.0654933500510562
1,20260924,2,378,critical_makespan_removal,makespan_balance_repair,17,False,infeasible,,243926.70369897035,8921.942989989777,89.95008152325676,32,7,25785.314767617427,7009.228172401064,0.11952047999999998,0.5022662663565413,0.852394680040845
1,20260924,3,379,early_deadline_removal,makespan_balance_repair,27,False,infeasible,,166566.8693626996,9811.413474591849,96.12931186651204,33,7,25785.314767617427,7009.228172401064,0.11928143903999998,0.009223372036854787,0.681915744032676
1,20260924,4,380,critical_makespan_removal,makespan_balance_repair,13,False,infeasible,,274266.3769530456,8921.942989989777,89.27116704369769,33,7,25785.314767617427,7009.228172401064,0.11904287616191998,0.40181301308523304,0.5455325952261408
1,20260924,5,381,worst_tardiness_removal,makespan_balance_repair,10,True,improved_current,,138532.83772040048,9147.366250302068,93.3408568597398,34,7,25785.314767617427,7009.228172401064,0.11880479040959614,1.456040958212785,1.0364260761809128
1,20260924,6,382,worst_tardiness_removal,makespan_balance_repair,24,True,improved_current,,134414.51572642545,8707.524741370009,89.38593854822514,30,7,25785.314767617427,7009.228172401064,0.11856718082877694,1.7648327665702281,1.4291408609447305
1,20260924,7,383,worst_tardiness_removal,makespan_balance_repair,19,False,infeasible,,150556.81450640736,8468.767090440873,89.30492200048037,30,7,25785.314767617427,7009.228172401064,0.11833004646711939,1.4118662132561826,1.1433126887557845
1,20260924,8,384,worst_tardiness_removal,makespan_balance_repair,28,True,improved_current,,124327.49934273306,8284.3414647393,85.2964412025343,28,7,25785.314767617427,7009.228172401064,0.11809338637418515,1.7294929706049462,1.5146501510046277
1,20260924,9,385,legacy_neighbor,two_opt,0,True,annealed,,125860.70557035715,8284.3414647393,85.4070089593341,28,7,25785.314767617427,7009.228172401064,0.11785719960143679,,
1,20260924,10,386,worst_tardiness_removal,makespan_balance_repair,25,False,infeasible,,190960.58379299007,8921.942989989779,85.5466180728183,29,7,25785.314767617427,7009.228172401064,0.11762148520223391,1.3835943764839571,1.2117201208037023
1,20260924,11,387,worst_tardiness_removal,makespan_balance_repair,23,True,improved_current,,120957.83816338952,8618.23157124279,85.48156794101436,29,7,25785.314767617427,7009.228172401064,0.11738624223182945,1.706875501187166,1.569376096642962
1,20260924,12,388,worst_tardiness_removal,makespan_balance_repair,27,False,infeasible,,146864.34499016736,8655.911720671558,86.16344664815124,30,7,25785.314767617427,7009.228172401064,0.11715146974736579,1.365500400949733,1.2555008773143697
1,20260924,13,389,worst_tardiness_removal,makespan_balance_repair,9,True,improved_current,,97977.76288291236,8618.23157124279,85.74846960625692,29,7,25785.314767617427,7009.228172401064,0.11691716680787105,1.6924003207597864,1.6044007018514959
1,20260924,14,390,worst_tardiness_removal,makespan_balance_repair,21,False,infeasible,,101371.99262464762,9069.84726353507,86.19017973638802,30,7,25785.314767617427,7009.228172401064,0.1166833324742553,1.3539202566078292,1.2835205614811969
1,20260924,15,391,critical_makespan_removal,makespan_balance_repair,25,False,infeasible,,154884.6204505387,8560.15693442037,85.19445004616652,28,7,25785.314767617427,7009.228172401064,0.11644996580930679,0.32145041046818645,1.0268164491849576
1,20260924,16,392,worst_tardiness_removal,makespan_balance_repair,23,False,infeasible,,135666.46045365385,8728.347078957024,85.77600314698556,29,7,25785.314767617427,7009.228172401064,0.11621706587768818,1.0831362052862634,0.8214531593479661
1,20260924,17,393,worst_tardiness_removal,deadline_first_repair,24,False,infeasible,,205412.50410525603,10002.457079801137,93.1819429062544,33,7,25785.314767617427,7009.228172401064,0.1159846317459328,0.8665089642290108,0.0028893712535456298
1,20260924,18,394,critical_makespan_removal,makespan_balance_repair,15,False,infeasible,,98830.76323286536,8991.751193872251,85.97345536015851,29,7,25785.314767617427,7009.228172401064,0.11575266248244094,0.25716032837454916,0.657162527478373
1,20260924,19,395,worst_tardiness_removal,makespan_balance_repair,9,True,annealed,,100353.76288291236,8618.23157124279,85.42541860161428,29,7,25785.314767617427,7009.228172401064,0.11552115715747606,0.8932071713832086,0.7257300219826985
1,20260924,20,396,legacy_neighbor,priority_order,0,True,improved_current,,76780.50193234743,8618.23157124279,85.42541860161428,29,7,25785.314767617427,7009.228172401064,0.11529011484316111,,
1,20260924,21,397,critical_makespan_removal,makespan_balance_repair,18,False,infeasible,,103846.2477960623,8549.215343124793,81.59241983354822,27,7,25785.314767617427,7009.228172401064,0.11505953461347479,0.20572826269963934,0.5805840175861589
1,20260924,22,398,worst_tardiness_removal,makespan_balance_repair,27,False,infeasible,,108875.87121597718,8822.887421878646,85.44155373109164,29,7,25785.314767617427,7009.228172401064,0.11482941554424785,0.7145657371065669,0.4644672140689271
1,20260924,23,399,worst_tardiness_removal,makespan_balance_repair,10,True,annealed,,76780.50193234743,8618.23157124279,85.42541860161428,29,7,25785.314767617427,7009.228172401064,0.11459975671315935,0.7716525896852535,0.5715737712551416
1,20260924,24,400,critical_makespan_removal,makespan_balance_repair,27,False,infeasible,,94566.99876559793,8489.637985443413,85.25061757306379,27,7,25785.314767617427,7009.228172401064,0.11437055719973303,0.16458261015971148,0.4572590170041133
1,20260924,25,401,worst_tardiness_removal,makespan_balance_repair,26,False,infeasible,,110862.55403791415,8822.887421878646,85.77600314698556,29,7,25785.314767617427,7009.228172401064,0.11414181608533357,0.6173220717482029,0.36580721360329066
1,20260924,26,402,early_deadline_removal,makespan_balance_repair,10,False,infeasible,,171119.59521792433,9206.464689647253,87.96136697078373,29,7,25785.314767617427,7009.228172401064,0.1139135324531629,0.00737869762948383,0.29264577088263255
1,20260924,27,403,random_removal,makespan_balance_repair,15,False,infeasible,,177053.00715703296,9738.773424295889,89.26296742900874,30,7,25785.314767617427,7009.228172401064,0.11368570538825656,0.0186185312608603,0.23411661670610606
1,20260924,28,404,worst_tardiness_removal,makespan_balance_repair,18,False,infeasible,,119644.74785492582,8854.00584470276,85.01467105456351,29,7,25785.314767617427,7009.228172401064,0.11345833397748005,0.4938576573985623,0.18729329336488487
1,20260924,29,405,worst_tardiness_removal,makespan_balance_repair,17,False,infeasible,,88151.7893423912,8444.460683146443,85.4770991981139,29,7,25785.314767617427,7009.228172401064,0.11323141730952509,0.39508612591884984,0.14983463469190791
1,20260924,30,406,worst_tardiness_removal,makespan_balance_repair,13,False,infeasible,,78105.56293235972,8618.23157124279,85.42541860161428,29,7,25785.314767617427,7009.228172401064,0.11300495447490604,0.31606890073507987,0.11986770775352634
1,20260924,31,407,legacy_neighbor,priority_order,0,False,infeasible,,116460.64696941523,8618.23157124279,85.42541860161428,29,7,25785.314767617427,7009.228172401064,0.11277894456595622,,
1,20260924,32,408,critical_makespan_removal,makespan_balance_repair,9,False,infeasible,,163338.05637289135,7888.283691315846,83.38989734312423,28,7,25785.314767617427,7009.228172401064,0.11255338667682431,0.1316660881277692,0.09589416620282108
1,20260924,33,409,worst_tardiness_removal,regret2_insertion,12,True,improved_current,,62205.92427528556,8464.398073557355,85.44958173382241,29,7,25785.314767617427,7009.228172401064,0.11232827990347066,0.852855120588064,0.606163832667702
1,20260924,34,410,worst_tardiness_removal,regret2_insertion,26,False,infeasible,,250374.1585517872,9899.975361781106,88.78373338309032,33,7,25785.314767617427,7009.228172401064,0.11210362334366372,0.6822840964704513,0.48493106613416165
1,20260924,35,411,critical_makespan_removal,regret2_insertion,9,False,infeasible,,146901.5764316993,8352.572522865092,84.82706586065815,28,7,25785.314767617427,7009.228172401064,0.1118794160969764,0.10533287050221536,0.38794485290732933
1,20260924,36,412,worst_tardiness_removal,regret2_insertion,15,False,infeasible,,136787.78541401867,8493.796042949956,85.9034365726353,30,7,25785.314767617427,7009.228172401064,0.11165565726478244,0.545827277176361,0.3103558823258635
1,20260924,37,413,worst_tardiness_removal,regret2_insertion,9,True,improved_current,,56654.811271433675,8493.796042949956,86.54368294262798,30,7,25785.314767617427,7009.228172401064,0.11143234595025288,1.036661821741089,0.8482847058606908
1,20260924,38,414,worst_tardiness_removal,regret2_insertion,26,False,infeasible,,250374.1585517872,9899.975361781106,88.78373338309032,33,7,25785.314767617427,7009.228172401064,0.11120948125835237,0.8293294573928712,0.6786277646885527
1,20260924,39,415,worst_tardiness_removal,regret2_insertion,10,True,annealed,,56654.811271433675,8493.796042949956,86.54368294262798,30,7,25785.314767617427,7009.228172401064,0.11098706229583566,0.8634635659142971,0.7429022117508421
1,20260924,40,416,worst_tardiness_removal,regret2_insertion,16,False,infeasible,,94989.03531420205,8593.63273696928,85.83900280576219,30,7,25785.314767617427,7009.228172401064,0.11076508817124399,0.6907708527314377,0.5943217694006737
1,20260924,41,417,worst_tardiness_removal,regret2_insertion,26,False,infeasible,,250374.1585517872,9899.975361781106,88.78373338309032,33,7,25785.314767617427,7009.228172401064,0.1105435579949015,0.5526166821851501,0.475457415520539
1,20260924,42,418,legacy_neighbor,remove_reinsert,0,True,annealed,,56654.811271433675,8493.796042949956,86.54368294262798,30,7,25785.314767617427,7009.228172401064,0.11032247087891169,,
1,20260924,43,419,worst_tardiness_removal,regret2_insertion,24,False,infeasible,,171530.91152059968,8883.955090832838,86.01957807700975,31,7,25785.314767617427,7009.228172401064,0.11010182593715385,0.44209334574812015,0.38036593241643124
1,20260924,44,420,worst_tardiness_removal,best_insertion,15,False,infeasible,,94985.12681902622,8659.63273696928,86.55497498060384,30,7,25785.314767617427,7009.228172401064,0.10988162228527955,0.35367467659849616,0.007123227210161703
1,20260924,45,421,worst_tardiness_removal,regret2_insertion,28,False,infeasible,,152193.3904917177,9364.84690330813,90.96543050868644,34,7,25785.314767617427,7009.228172401064,0.10966185904070899,0.28293974127879695,0.30429274593314504
1,20260924,46,422,worst_tardiness_removal,regret2_insertion,11,True,annealed,,56654.811271433675,8493.796042949956,86.54368294262798,30,7,25785.314767617427,7009.228172401064,0.10944253532262757,0.4263517930230376,0.4434341967465161
1,20260924,47,423,worst_tardiness_removal,makespan_balance_repair,15,False,infeasible,,82308.91117391818,8725.63273696928,87.08447138055672,30,7,25785.314767617427,7009.228172401064,0.10922365025198232,0.3410814344184301,0.07671533296225687
1,20260924,48,424,worst_tardiness_removal,regret2_insertion,22,False,infeasible,,171412.49901529163,8854.00584470276,86.01732472353766,31,7,25785.314767617427,7009.228172401064,0.10900520295147835,0.27286514753474406,0.35474735739721286
1,20260924,49,425,critical_makespan_removal,regret2_insertion,18,False,infeasible,,72115.70612187631,8405.821565324462,80.23593396430854,27,7,25785.314767617427,7009.228172401064,0.1087871925455754,0.0842662964017723,0.2837978859177703
1,20260924,50,426,worst_tardiness_removal,regret2_insertion,17,False,infeasible,,94989.03531420205,8593.63273696928,85.83900280576219,30,7,25785.314767617427,7009.228172401064,0.10856961816048424,0.21829211802779525,0.22703830873421624
1,20260924,51,427,worst_tardiness_removal,makespan_balance_repair,24,False,infeasible,,207428.95802078772,8607.303584408719,86.7547271541539,31,7,25785.314767617427,7009.228172401064,0.10835247892416328,0.1746336944222362,0.0613722663698055
1,20260924,52,428,worst_tardiness_removal,regret2_insertion,9,True,annealed,,56654.811271433675,8493.796042949956,86.54368294262798,30,7,25785.314767617427,7009.228172401064,0.10813577396631495,0.33970695553778896,0.38163064698737303
1,20260924,53,429,legacy_neighbor,swap_boxes,0,True,annealed,,56654.811271433675,8493.796042949956,86.54368294262798,30,7,25785.314767617427,7009.228172401064,0.10791950241838232,,
1,20260924,54,430,worst_tardiness_removal,best_insertion,25,False,infeasible,,265224.0621647624,9777.644817565048,86.75815768329585,30,7,25785.314767617427,7009.228172401064,0.10770366341354555,0.2717655644302312,0.005698581768129363
1,20260924,55,431,worst_tardiness_removal,regret2_insertion,9,True,annealed,,56654.811271433675,8493.796042949956,86.54368294262798,30,7,25785.314767617427,7009.228172401064,0.10748825608671846,0.417412451544185,0.5053045175898985
1,20260924,56,432,worst_tardiness_removal,regret2_insertion,22,False,infeasible,,171412.49901529163,8854.00584470276,86.01732472353766,31,7,25785.314767617427,7009.228172401064,0.10727327957454502,0.333929961235348,0.4042436140719188
1,20260924,57,433,worst_tardiness_removal,regret2_insertion,25,False,infeasible,,250374.1585517872,9899.975361781106,88.78373338309032,33,7,25785.314767617427,7009.228172401064,0.10705873301539594,0.2671439689882784,0.32339489125753507
1,20260924,58,434,early_deadline_removal,regret2_insertion,22,False,infeasible,,143857.1919533233,9493.80297506161,88.06576930952626,30,7,25785.314767617427,7009.228172401064,0.10684461554936514,0.005902958103587064,0.2587159130060281
1,20260924,59,435,worst_tardiness_removal,regret2_insertion,22,False,infeasible,,171412.49901529163,8854.00584470276,86.01732472353766,31,7,25785.314767617427,7009.228172401064,0.10663092631826641,0.21371517519062275,0.20697273040482247
1,20260924,60,436,worst_tardiness_removal,regret2_insertion,27,False,infeasible,,250374.1585517872,9899.975361781106,88.78373338309032,33,7,25785.314767617427,7009.228172401064,0.10641766446562988,0.1709721401524982,0.16557818432385799
1,20260924,61,437,critical_makespan_removal,makespan_balance_repair,20,False,infeasible,,72225.09146199463,8081.387651928521,85.02574597134542,28,7,25785.314767617427,7009.228172401064,0.10620482913669861,0.06741303712141784,0.049097813095844406
1,20260924,62,438,worst_tardiness_removal,regret2_insertion,19,False,infeasible,,149999.33193484155,8354.0473820472,84.94160406902002,28,7,25785.314767617427,7009.228172401064,0.10599241947842522,0.13677771212199857,0.1324625474590864
1,20260924,63,439,worst_tardiness_removal,regret2_insertion,25,False,infeasible,,250374.1585517872,9899.975361781106,88.78373338309032,33,7,25785.314767617427,7009.228172401064,0.10578043463946837,0.10942216969759887,0.10597003796726912
1,20260924,64,440,legacy_neighbor,move_partial,0,True,annealed,,56654.811271433675,8493.796042949956,86.54368294262798,30,7,25785.314767617427,7009.228172401064,0.10556887377018943,,
1,20260924,65,441,critical_makespan_removal,regret2_insertion,18,False,infeasible,,72115.70612187631,8405.821565324462,80.23593396430854,27,7,25785.314767617427,7009.228172401064,0.10535773602264906,0.053930429697134276,0.0847760303738153
1,20260924,66,442,critical_makespan_removal,regret2_insertion,25,False,infeasible,,66529.09840968464,7881.444917679636,81.0785662037061,27,7,25785.314767617427,7009.228172401064,0.10514702055060376,0.043144343757707426,0.06782082429905224
1,20260924,67,443,worst_tardiness_removal,regret2_insertion,26,False,infeasible,,250374.1585517872,9899.975361781106,88.78373338309032,33,7,25785.314767617427,7009.228172401064,0.10493672650950256,0.0875377357580791,0.054256659439241794
1,20260924,68,444,worst_tardiness_removal,makespan_balance_repair,28,False,infeasible,,116483.91707422666,8924.27019490519,85.789982363737,30,7,25785.314767617427,7009.228172401064,0.10472685305648355,0.07003018860646329,0.039278250476675526
1,20260924,69,445,critical_makespan_removal,regret2_insertion,12,False,infeasible,,158712.8740702175,8777.303718841642,84.71801713141757,28,7,25785.314767617427,7009.228172401064,0.10451739935037058,0.03451547500616594,0.04340532755139344
1,20260924,70,446,critical_makespan_removal,regret2_insertion,18,False,infeasible,,72115.70612187631,8405.821565324462,80.23593396430854,27,7,25785.314767617427,7009.228172401064,0.10430836455166984,0.027612380004932754,0.03472426204111475
1,20260924,71,447,worst_tardiness_removal,regret2_insertion,23,False,infeasible,,171530.91152059968,8883.955090832838,86.01957807700975,31,7,25785.314767617427,7009.228172401064,0.1040997478225665,0.05602415088517063,0.0277794096328918
1,20260924,72,448,random_removal,regret2_insertion,24,False,infeasible,,199822.71087927814,9633.334706612963,87.1051434426959,31,7,25785.314767617427,7009.228172401064,0.10389154832692137,0.01489482500868824,0.02222352770631344
1,20260924,73,449,worst_tardiness_removal,best_insertion,15,False,infeasible,,94985.12681902622,8659.63273696928,86.55497498060384,30,7,25785.314767617427,7009.228172401064,0.10368376523026752,0.04481932070813651,0.004558865414503491
1,20260924,74,450,critical_battery_removal,makespan_balance_repair,21,False,infeasible,,72317.65693177034,8195.70828951748,82.32313952419635,28,7,25785.314767617427,7009.228172401064,0.10347639769980699,0.023911770126518878,0.03142260038134042
1,20260924,75,451,legacy_neighbor,split,0,True,annealed,,56654.811271433675,8922.135578169607,88.50099012981391,31,7,25785.314767617427,7009.228172401064,0.10326944490440737,,
1,20260924,76,452,random_removal,regret2_insertion,15,False,infeasible,,76814.61983206686,9108.767815653402,88.7283101037952,31,7,25785.314767617427,7009.228172401064,0.10306290601459855,0.011915860006950593,0.017778822165050754
1,20260924,77,453,critical_battery_removal,best_insertion,25,False,infeasible,,88271.1810922464,8409.62007299068,81.03522009879187,28,7,25785.314767617427,7009.228172401064,0.10285678020256936,0.019129416101215102,0.003647092331602793
1,20260924,78,454,critical_makespan_removal,makespan_balance_repair,23,False,infeasible,,156421.50901658338,8405.98064358875,82.61520749425335,28,7,25785.314767617427,7009.228172401064,0.10265106664216422,0.022089904003946205,0.025138080305072336
1,20260924,79,455,critical_makespan_removal,makespan_balance_repair,27,False,infeasible,,97407.6644194929,8711.443585237497,83.95154208433038,27,7,25785.314767617427,7009.228172401064,0.10244576450887989,0.017671923203156966,0.02011046424405787
1,20260924,80,456,early_deadline_removal,regret2_insertion,9,False,infeasible,,58373.62394846631,8862.13557816961,88.96760377869943,31,7,25785.314767617427,7009.228172401064,0.10224087297986213,0.004722366482869652,0.014223057732040604
1,20260924,81,457,critical_battery_removal,makespan_balance_repair,25,False,infeasible,,90107.04125668453,8764.014118562007,83.87641839117997,29,7,25785.314767617427,7009.228172401064,0.1020363912339024,0.015303532880972082,0.016088371395246295
1,20260924,82,458,related_removal,makespan_balance_repair,11,False,infeasible,,157959.57385798282,8918.853812667077,88.29534577888944,30,7,25785.314767617427,7009.228172401064,0.1018323184514346,0.009198836950216425,0.012870697116197037
1,20260924,83,459,random_removal,makespan_balance_repair,27,False,infeasible,,80171.43206430976,8155.267575862391,83.17340068124655,29,7,25785.314767617427,7009.228172401064,0.10162865381453173,0.009532688005560475,0.01029655769295763
1,20260924,84,460,related_removal,makespan_balance_repair,20,False,infeasible,,69334.67111469695,8871.411267153571,90.28289744145718,31,7,25785.314767617427,7009.228172401064,0.10142539650690267,0.00735906956017314,0.008237246154366105
1,20260924,85,461,random_removal,regret2_insertion,15,False,infeasible,,71618.83392355748,8854.00584470276,89.9195937338703,31,7,25785.314767617427,7009.228172401064,0.10122254571388886,0.00762615040444838,0.011378446185632484
1,20260924,86,462,legacy_neighbor,two_opt,0,False,infeasible,,58267.81026494842,8922.135578169607,88.81231587429838,31,7,25785.314767617427,7009.228172401064,0.10102010062246108,,
1,20260924,87,463,worst_tardiness_removal,regret2_insertion,18,False,infeasible,,101261.6932858488,8618.23157124279,87.80936865249264,30,7,25785.314767617427,7009.228172401064,0.10081806042121616,0.03585545656650921,0.009102756948505987
1,20260924,88,464,random_removal,regret2_insertion,18,False,infeasible,,76299.65967548282,8209.710654741668,83.27858680522327,29,7,25785.314767617427,7009.228172401064,0.10061642430037372,0.006100920323558704,0.0072822055588047906
1,20260924,89,465,related_removal,regret2_insertion,10,False,infeasible,,156204.28879006687,8897.125007009336,87.73581027571747,30,7,25785.314767617427,7009.228172401064,0.10041519145177298,0.005887255648138513,0.005825764447043833
1,20260924,90,466,early_deadline_removal,makespan_balance_repair,12,False,infeasible,,61957.85310657637,8897.125007009336,88.87431165892785,31,7,25785.314767617427,7009.228172401064,0.10021436106886944,0.0037778931862957215,0.006589796923492885
1,20260924,91,467,critical_makespan_removal,best_insertion,14,False,infeasible,,177571.79259299237,8405.98064358875,81.99580966514388,27,7,25785.314767617427,7009.228172401064,0.1000139323467317,0.014137538562525573,0.0029176738652822347
1,20260924,92,468,worst_tardiness_removal,regret2_insertion,18,False,infeasible,,101261.6932858488,8618.23157124279,87.80936865249264,30,7,25785.314767617427,7009.228172401064,0.09981390448203824,0.028684365253207368,0.004660611557635067
1,20260924,93,469,worst_tardiness_removal,deadline_first_repair,17,False,infeasible,,175853.10849087336,9122.276646378325,91.22779413206707,32,7,25785.314767617427,7009.228172401064,0.09961427667307417,0.022947492202565895,0.002311497002836504
1,20260924,94,470,critical_makespan_removal,deadline_first_repair,14,False,infeasible,,171075.89262300153,8302.593386054512,85.73216808757012,29,7,25785.314767617427,7009.228172401064,0.09941504811972803,0.011310030850020459,0.0018491976022692034
1,20260924,95,471,critical_makespan_removal,best_insertion,24,False,infeasible,,134674.0903453817,8531.342364834712,83.47940433557258,28,7,25785.314767617427,7009.228172401064,0.09921621802348857,0.009048024680016368,0.002334139092225788
1,20260924,96,472,worst_tardiness_removal,makespan_balance_repair,14,False,infeasible,,63194.25393595414,8618.23157124279,87.94727222446204,30,7,25785.314767617427,7009.228172401064,0.09901778558744159,0.018357993762052716,0.005271837538794308
1,20260924,97,473,legacy_neighbor,merge,0,True,annealed,,56654.811271433675,8922.135578169607,88.50099012981391,31,7,25785.314767617427,7009.228172401064,0.09881975001626671,,
1,20260924,98,474,related_removal,regret2_insertion,26,False,infeasible,,223607.10932958566,8962.147251958308,85.11233148892994,29,7,25785.314767617427,7009.228172401064,0.09862211051623418,0.00470980451851081,0.003728489246108054
1,20260924,99,475,critical_battery_removal,makespan_balance_repair,25,False,infeasible,,90107.04125668453,8764.014118562007,83.87641839117997,29,7,25785.314767617427,7009.228172401064,0.09842486629520171,0.012242826304777667,0.004217470031035447
1,20260924,100,476,worst_tardiness_removal,best_insertion,9,True,improved_current,,37735.43600051145,8618.23157124279,87.58320679472506,30,7,25785.314767617427,7009.228172401064,0.0982280165626113,0.6146863950096423,0.6018673112737807
1,20260924,101,477,worst_tardiness_removal,best_insertion,10,False,infeasible,,42460.56206771033,8618.23157124279,87.57706715592587,30,7,25785.314767617427,7009.228172401064,0.09803156052948608,0.49174911600771387,0.4814938490190246
1,20260924,102,478,worst_tardiness_removal,best_insertion,21,False,infeasible,,144202.17646649375,9122.276646378325,87.50598732055582,31,7,25785.314767617427,7009.228172401064,0.0978354974084271,0.39339929280617114,0.38519507921521967
1,20260924,103,479,worst_tardiness_removal,best_insertion,25,False,infeasible,,56567.51123726465,8992.258486953535,87.0922859219312,30,7,25785.314767617427,7009.228172401064,0.09763982641361026,0.3147194342449369,0.30815606337217577
1,20260924,104,480,worst_tardiness_removal,best_insertion,11,False,infeasible,,48439.67434128756,8854.00584470276,88.52117082376591,31,7,25785.314767617427,7009.228172401064,0.09744454676078304,0.25177554739594954,0.24652485069774063
1,20260924,105,481,critical_battery_removal,best_insertion,14,False,infeasible,,124797.7931127717,8878.19408514762,86.14349755886029,29,7,25785.314767617427,7009.228172401064,0.09724965766726147,0.009794261043822134,0.1972198805581925
1,20260924,106,482,worst_tardiness_removal,best_insertion,13,False,infeasible,,37990.452807418405,8618.23157124279,87.89015628334857,30,7,25785.314767617427,7009.228172401064,0.09705515835192695,0.20142043791675965,0.157775904446554
1,20260924,107,483,worst_tardiness_removal,best_insertion,28,False,infeasible,,132708.88600194594,9435.356958371338,89.0949674622437,30,7,25785.314767617427,7009.228172401064,0.0968610480352231,0.16113635033340773,0.1262207235572432
1,20260924,108,484,legacy_neighbor,reorder,0,True,annealed,,37735.43600051145,8618.23157124279,87.58320679472506,30,7,25785.314767617427,7009.228172401064,0.09666732593915264,,
1,20260924,109,485,critical_makespan_removal,best_insertion,21,False,infeasible,,115844.34415676659,8221.490580142028,81.92343431575131,28,7,25785.314767617427,7009.228172401064,0.09647399128727434,0.0072384197440130945,0.10097657884579457
1,20260924,110,486,worst_tardiness_removal,makespan_balance_repair,27,False,infeasible,,124988.28961658373,8982.784524726245,88.02843205057941,31,7,25785.314767617427,7009.228172401064,0.09628104330469979,0.12890908026672618,0.0033739760248283576
1,20260924,111,487,worst_tardiness_removal,best_insertion,16,False,infeasible,,126371.19860074979,8618.23157124279,88.01948008791085,30,7,25785.314767617427,7009.228172401064,0.0960884812180904,0.10312726421338095,0.08078126307663566
1,20260924,112,488,worst_tardiness_removal,best_insertion,14,False,infeasible,,127102.41337777367,8618.23157124279,88.07032663343553,30,7,25785.314767617427,7009.228172401064,0.09589630425565422,0.08250181137070477,0.06462501046130853
1,20260924,113,489,related_removal,best_insertion,12,False,infeasible,,114372.6872035567,7888.283691315846,82.81444737673473,28,7,25785.314767617427,7009.228172401064,0.09570451164714291,0.0037678436148086483,0.051700008369046827
1,20260924,114,490,worst_tardiness_removal,best_insertion,10,False,infeasible,,42460.56206771033,8618.23157124279,87.57706715592587,30,7,25785.314767617427,7009.228172401064,0.09551310262384863,0.06600144909656382,0.04136000669523746
1,20260924,115,491,worst_tardiness_removal,regret2_insertion,27,False,infeasible,,204792.08154195003,9467.043094249037,87.3903139942641,30,7,25785.314767617427,7009.228172401064,0.09532207641860094,0.052801159277251056,0.0029827913968864432
1,20260924,116,492,worst_tardiness_removal,makespan_balance_repair,23,False,infeasible,,198611.08573968188,8725.23022564119,87.23712088334956,31,7,25785.314767617427,7009.228172401064,0.09513143226576373,0.04224092742180085,0.0026991808198626862
1,20260924,117,493,critical_battery_removal,deadline_first_repair,11,False,infeasible,,57751.13582734351,8933.073309780006,87.32177251299348,30,7,25785.314767617427,7009.228172401064,0.0949411694012322,0.007835408835057707,0.0014793580818153627
1,20260924,118,494,worst_tardiness_removal,best_insertion,12,True,annealed,,41668.56206771033,8618.23157124279,88.04306607139888,30,7,25785.314767617427,7009.228172401064,0.09475128706242975,0.2337927419374407,0.23308800535618998
1,20260924,119,495,legacy_neighbor,relocate_box,0,True,annealed,,41668.56206771033,8618.23157124279,88.04306607139888,30,7,25785.314767617427,7009.228172401064,0.09456178448830489,,
1,20260924,120,496,worst_tardiness_removal,best_insertion,23,False,infeasible,,170743.5860242322,9333.926284090832,86.70400156159259,29,7,25785.314767617427,7009.228172401064,0.09437266091932828,0.18703419354995257,0.18647040428495198
1,20260924,121,497,worst_tardiness_removal,best_insertion,14,False,infeasible,,126371.19860074979,8618.23157124279,88.01948008791085,30,7,25785.314767617427,7009.228172401064,0.09418391559748962,0.14962735483996206,0.14917632342796158
1,20260924,122,498,worst_tardiness_removal,best_insertion,14,False,infeasible,,126371.19860074979,8618.23157124279,88.01948008791085,30,7,25785.314767617427,7009.228172401064,0.09399554776629464,0.11970188387196966,0.11934105874236928
1,20260924,123,499,worst_tardiness_removal,best_insertion,11,True,improved_current,,37990.452807418405,8618.23157124279,87.89015628334857,30,7,25785.314767617427,7009.228172401064,0.09380755667076204,0.6957615070975758,0.6954728469938956
1,20260924,124,500,worst_tardiness_removal,best_insertion,24,False,infeasible,,150682.30803998257,9288.662453705503,86.81765057503614,29,7,25785.314767617427,7009.228172401064,0.09361994155742052,0.5566092056780606,0.5563782775951165
1,20260924,125,501,worst_tardiness_removal,best_insertion,26,False,infeasible,,103588.38082508935,9123.422901693924,89.0340959906766,30,7,25785.314767617427,7009.228172401064,0.09343270167430569,0.4452873645424485,0.4451026220760932
1,20260924,126,502,worst_tardiness_removal,best_insertion,20,False,infeasible,,124927.37083660296,9122.276646378325,87.476231622346,31,7,25785.314767617427,7009.228172401064,0.09324583627095707,0.3562298916339588,0.35608209766087456
1,20260924,127,503,worst_tardiness_removal,best_insertion,27,False,infeasible,,103588.38082508935,9123.422901693924,89.0340959906766,30,7,25785.314767617427,7009.228172401064,0.09305934459841517,0.28498391330716705,0.2848656781286997
1,20260924,128,504,worst_tardiness_removal,best_insertion,18,False,infeasible,,78904.72050965282,8659.63273696928,86.7566935410153,29,7,25785.314767617427,7009.228172401064,0.09287322590921834,0.22798713064573364,0.22789254250295976
1,20260924,129,505,worst_tardiness_removal,best_insertion,23,False,infeasible,,170743.5860242322,9333.926284090832,86.70400156159259,29,7,25785.314767617427,7009.228172401064,0.09268747945739991,0.18238970451658693,0.18231403400236781
1,20260924,130,506,legacy_neighbor,swap_boxes,0,True,annealed,,37990.452807418405,8618.23157124279,87.89015628334857,30,7,25785.314767617427,7009.228172401064,0.09250210449848512,,
1,20260924,131,507,worst_tardiness_removal,best_insertion,9,False,infeasible,,47647.67434128756,8854.00584470276,88.45853028393603,31,7,25785.314767617427,7009.228172401064,0.09231710028948814,0.14591176361326955,0.14585122720189425
1,20260924,132,508,worst_tardiness_removal,best_insertion,11,True,annealed,,37990.452807418405,8618.23157124279,87.89015628334857,30,7,25785.314767617427,7009.228172401064,0.09213246608890917,0.3167294108906157,0.31668098176151543
1,20260924,133,509,worst_tardiness_removal,best_insertion,19,False,infeasible,,78904.72050965282,8659.63273696928,86.7566935410153,29,7,25785.314767617427,7009.228172401064,0.09194820115673134,0.25338352871249253,0.25334478540921235
1,20260924,134,510,worst_tardiness_removal,best_insertion,28,False,infeasible,,103588.38082508935,9123.422901693924,89.0340959906766,30,7,25785.314767617427,7009.228172401064,0.09176430475441788,0.20270682296999404,0.20267582832736988
1,20260924,135,511,early_deadline_removal,best_insertion,22,False,infeasible,,167342.58060491312,8890.30295744529,88.05108061128549,30,7,25785.314767617427,7009.228172401064,0.09158077614490905,0.0030223145490365774,0.16214066266189592
1,20260924,136,512,worst_tardiness_removal,best_insertion,11,True,annealed,,37990.452807418405,8618.23157124279,87.89015628334857,30,7,25785.314767617427,7009.228172401064,0.09139761459261923,0.36216545837599523,0.32971253012951673
1,20260924,137,513,early_deadline_removal,best_insertion,25,False,infeasible,,114724.60162337159,8785.024659988218,87.89291255982575,31,7,25785.314767617427,7009.228172401064,0.091214819363434,0.002417851639229262,0.2637700241036134
1,20260924,138,514,critical_battery_removal,best_insertion,15,False,infeasible,,164122.50784365681,9569.540238809452,89.66651473764642,32,7,25785.314767617427,7009.228172401064,0.09103238972470712,0.0062683270680461665,0.2110160192828907
1,20260924,139,515,worst_tardiness_removal,best_insertion,27,False,infeasible,,103588.38082508935,9123.422901693924,89.0340959906766,30,7,25785.314767617427,7009.228172401064,0.0908503249452577,0.2897323667007962,0.16881281542631257
1,20260924,140,516,worst_tardiness_removal,best_insertion,11,True,annealed,,37990.452807418405,8618.23157124279,87.89015628334857,30,7,25785.314767617427,7009.228172401064,0.09066862429536719,0.431785893360637,0.33505025234105007
1,20260924,141,517,legacy_neighbor,remove_reinsert,0,True,annealed,,37990.452807418405,8618.23157124279,87.75729077939818,30,7,25785.314767617427,7009.228172401064,0.09048728704677646,,
1,20260924,142,518,worst_tardiness_removal,best_insertion,16,False,infeasible,,163438.89356971372,9122.276646378325,87.31097435408732,30,7,25785.314767617427,7009.228172401064,0.0903063124726829,0.3454287146885096,0.26804020187284006
1,20260924,143,519,worst_tardiness_removal,best_insertion,24,False,infeasible,,150682.30803998257,9288.662453705503,86.68478507108573,29,7,25785.314767617427,7009.228172401064,0.09012569984773754,0.2763429717508077,0.21443216149827204
1,20260924,144,520,worst_tardiness_removal,best_insertion,16,False,infeasible,,163438.89356971372,9122.276646378325,87.31097435408732,30,7,25785.314767617427,7009.228172401064,0.08994544844804206,0.22107437740064617,0.17154572919861766
1,20260924,145,521,worst_tardiness_removal,best_insertion,20,False,infeasible,,124927.37083660296,9122.276646378325,87.3433661183956,31,7,25785.314767617427,7009.228172401064,0.08976555755114597,0.17685950192051694,0.13723658335889413
1,20260924,146,522,worst_tardiness_removal,best_insertion,14,False,infeasible,,126371.19860074979,8618.23157124279,87.88661458396044,30,7,25785.314767617427,7009.228172401064,0.08958602643604369,0.14148760153641357,0.1097892666871153
1,20260924,147,523,worst_tardiness_removal,best_insertion,14,False,infeasible,,126371.19860074979,8618.23157124279,87.88661458396044,30,7,25785.314767617427,7009.228172401064,0.0894068543831716,0.11319008122913087,0.08783141334969224
1,20260924,148,524,worst_tardiness_removal,makespan_balance_repair,14,False,infeasible,,83417.86523692484,8725.63273696928,88.10441620672961,30,7,25785.314767617427,7009.228172401064,0.08922804067440526,0.0905520649833047,0.002159344655890149
1,20260924,149,525,worst_tardiness_removal,regret2_insertion,9,False,infeasible,,44686.67132800225,8618.23157124279,87.30140305625471,30,7,25785.314767617427,7009.228172401064,0.08904958459305645,0.07244165198664376,0.002386233117509155
1,20260924,150,526,worst_tardiness_removal,best_insertion,20,False,infeasible,,124927.37083660296,9122.276646378325,87.3433661183956,31,7,25785.314767617427,7009.228172401064,0.08887148542387034,0.057953321589315016,0.0702651306797538
1,20260924,151,527,worst_tardiness_removal,best_insertion,13,False,infeasible,,127102.41337777367,8618.23157124279,87.93746112948511,30,7,25785.314767617427,7009.228172401064,0.0886937424530226,0.046362657271452015,0.05621210454380304
1,20260924,152,528,legacy_neighbor,merge,0,True,annealed,,37990.452807418405,8618.23157124279,87.75729077939818,30,7,25785.314767617427,7009.228172401064,0.08851635496811655,,
1,20260924,153,529,worst_tardiness_removal,best_insertion,12,False,infeasible,,127102.41337777367,8618.23157124279,87.93746112948511,30,7,25785.314767617427,7009.228172401064,0.08833932225818032,0.03709012581716161,0.04496968363504244
1,20260924,154,530,worst_tardiness_removal,best_insertion,23,False,infeasible,,170743.5860242322,9333.926284090832,86.57113605764218,29,7,25785.314767617427,7009.228172401064,0.08816264361366397,0.02967210065372929,0.03597574690803395
1,20260924,155,531,worst_tardiness_removal,best_insertion,21,False,infeasible,,128408.06375387109,9122.276646378325,87.48267472995695,31,7,25785.314767617427,7009.228172401064,0.08798631832643664,0.02373768052298343,0.02878059752642716
1,20260924,156,532,critical_makespan_removal,best_insertion,26,False,infeasible,,226353.7686279334,9344.547835567571,84.04722155278894,27,7,25785.314767617427,7009.228172401064,0.08781034568978376,0.005790735795210476,0.023024478021141728
1,20260924,157,533,worst_tardiness_removal,best_insertion,17,False,infeasible,,123825.79058208624,8618.23157124279,87.49689552904294,30,7,25785.314767617427,7009.228172401064,0.08763472499840419,0.018990144418386746,0.018419582416913383
1,20260924,158,534,worst_tardiness_removal,deadline_first_repair,20,False,infeasible,,158714.3538847774,9498.484273859436,91.25851026384296,32,7,25785.314767617427,7009.228172401064,0.08745945554840738,0.015192115534709397,0.0011834864654522903
1,20260924,159,535,early_deadline_removal,makespan_balance_repair,18,False,infeasible,,241555.21271303494,8704.697254217937,87.9140496377217,29,7,25785.314767617427,7009.228172401064,0.08728453663731056,0.0019342813113834097,0.0017274757247121193
1,20260924,160,536,early_deadline_removal,regret2_insertion,23,False,infeasible,,160862.15142728167,8216.48461893934,84.17173028157403,28,7,25785.314767617427,7009.228172401064,0.08710996756403594,0.0015474250491067279,0.001908986494007324
1,20260924,161,537,critical_battery_removal,best_insertion,21,False,infeasible,,138042.46785734716,8804.585378597738,85.66208498129728,30,7,25785.314767617427,7009.228172401064,0.08693574762890786,0.005014661654436934,0.014735665933530706
1,20260924,162,538,critical_battery_removal,makespan_balance_repair,15,False,infeasible,,228406.2841300106,8936.58537859774,85.71598784578651,29,7,25785.314767617427,7009.228172401064,0.08676187613365005,0.004011729323549547,0.0013819805797696955
1,20260924,163,539,legacy_neighbor,merge,0,True,annealed,,37990.452807418405,8618.23157124279,87.75729077939818,30,7,25785.314767617427,7009.228172401064,0.08658835238138275,,
1,20260924,164,540,random_removal,best_insertion,13,False,infeasible,,166428.42747271052,9295.262157479146,89.14881946937327,30,7,25785.314767617427,7009.228172401064,0.08641517567661999,0.004880736258846964,0.011788532746824565
1,20260924,165,541,worst_tardiness_removal,deadline_first_repair,20,False,infeasible,,158714.3538847774,9498.484273859436,91.25851026384296,32,7,25785.314767617427,7009.228172401064,0.08624234532526676,0.012153692427767518,0.0009467891723618322
1,20260924,166,542,worst_tardiness_removal,makespan_balance_repair,26,False,infeasible,,131739.17100878328,8735.11704495817,86.30525784256972,29,7,25785.314767617427,7009.228172401064,0.08606986063461622,0.009722953942214015,0.0011055844638157564
1,20260924,167,543,early_deadline_removal,best_insertion,12,False,infeasible,,133462.38349987403,8875.69820227607,89.35146230499305,30,7,25785.314767617427,7009.228172401064,0.08589772091334699,0.0012379400392853823,0.009430826197459653
1,20260924,168,544,worst_tardiness_removal,best_insertion,24,False,infeasible,,150682.30803998257,9288.662453705503,86.68478507108573,29,7,25785.314767617427,7009.228172401064,0.0857259254715203,0.007778363153771212,0.007544660957967722
1,20260924,169,545,related_removal,best_insertion,27,False,infeasible,,72489.92451405633,9330.48222112869,91.41770963186991,31,7,25785.314767617427,7009.228172401064,0.08555447362057726,0.0030142748918469187,0.006035728766374178
1,20260924,170,546,related_removal,best_insertion,16,False,infeasible,,53781.66109873722,8796.094458724481,86.5668262626738,29,7,25785.314767617427,7009.228172401064,0.08538336467333611,0.002411419913477535,0.004828583013099343
1,20260924,171,547,worst_tardiness_removal,regret2_insertion,11,False,infeasible,,125082.77253262735,8286.655229819966,86.65718562744823,29,7,25785.314767617427,7009.228172401064,0.08521259794398944,0.0062226905230169695,0.0015271891952058593
1,20260924,172,548,critical_makespan_removal,regret2_insertion,17,False,infeasible,,250221.54856164393,8698.371574518133,86.56874905748064,30,7,25785.314767617427,7009.228172401064,0.08504217274810147,0.004632588636168381,0.0012217513561646875
1,20260924,173,549,random_removal,best_insertion,9,False,infeasible,,67777.00540362614,8966.826836040282,90.86135476107715,31,7,25785.314767617427,7009.228172401064,0.08487208840260527,0.003904589007077571,0.0038628664104794746
1,20260924,174,550,legacy_neighbor,split,0,False,infeasible,,38990.55902270302,8878.727933738663,88.89052397046778,31,7,25785.314767617427,7009.228172401064,0.08470234422580006,,
1,20260924,175,551,random_removal,best_insertion,23,False,infeasible,,147478.3459903993,8906.919081539958,89.7338134819016,31,7,25785.314767617427,7009.228172401064,0.08453293953734846,0.003123671205662057,0.00309029312838358
1,20260924,176,552,worst_tardiness_removal,best_insertion,10,False,infeasible,,47647.67434128756,8854.00584470276,88.32566477998562,31,7,25785.314767617427,7009.228172401064,0.08436387365827376,0.004978152418413576,0.0024722345027068642
1,20260924,177,553,critical_makespan_removal,regret2_insertion,11,False,infeasible,,164296.7793564358,8307.441974494044,86.64365324555814,30,7,25785.314767617427,7009.228172401064,0.08419514591095721,0.003706070908934705,0.00097740108493175
1,20260924,178,554,random_removal,best_insertion,21,False,infeasible,,80999.24007876264,8830.390173048903,87.58697497303022,30,7,25785.314767617427,7009.228172401064,0.0840267556191353,0.0024989369645296456,0.0019777876021654915
1,20260924,179,555,critical_battery_removal,best_insertion,18,False,infeasible,,139362.46785734716,8870.585378597738,84.66746444863337,30,7,25785.314767617427,7009.228172401064,0.08385870210789702,0.003209383458839638,0.0015822300817323932
1,20260924,180,556,worst_tardiness_removal,deadline_first_repair,22,False,infeasible,,235486.6987952603,9645.93118746233,92.41783333869776,34,7,25785.314767617427,7009.228172401064,0.08369098470368122,0.003982521934730861,0.0007574313378894658
1,20260924,181,557,worst_tardiness_removal,deadline_first_repair,27,False,infeasible,,127436.94071115158,9196.27914428652,91.56091782447379,33,7,25785.314767617427,7009.228172401064,0.08352360273427385,0.0031860175477846885,0.0006059450703115726
1,20260924,182,558,early_deadline_removal,regret2_insertion,25,False,infeasible,,85636.41286398568,8626.415369720866,86.53612190481921,28,7,25785.314767617427,7009.228172401064,0.0833565555288053,0.0009903520314283058,0.0007819208679454
1,20260924,183,559,random_removal,best_insertion,14,False,infeasible,,159309.49988877453,9053.454328573902,90.33296347854656,32,7,25785.314767617427,7009.228172401064,0.0831898424177477,0.0019991495716237167,0.0012657840653859146
1,20260924,184,560,worst_tardiness_removal,regret2_insertion,24,False,infeasible,,244631.36111895597,10425.362649672283,88.42567296487736,31,7,25785.314767617427,7009.228172401064,0.0830234627329122,0.0025488140382277508,0.00062553669435632
1,20260924,185,561,legacy_neighbor,merge,0,True,annealed,,37990.452807418405,8618.23157124279,87.75729077939818,30,7,25785.314767617427,7009.228172401064,0.08285741580744638,,
1,20260924,186,562,critical_makespan_removal,best_insertion,25,False,infeasible,,212083.8737346737,7946.451440520457,82.39825200254604,27,7,25785.314767617427,7009.228172401064,0.08269170097583148,0.002964856727147764,0.0010126272523087317
1,20260924,187,563,critical_battery_removal,regret2_insertion,28,False,infeasible,,113762.83635796547,8695.867428578093,84.32283490698339,30,7,25785.314767617427,7009.228172401064,0.08252631757387982,0.0025675067670717106,0.000500429355485056
1,20260924,188,564,worst_tardiness_removal,best_insertion,22,False,infeasible,,124693.34984737012,9122.276646378325,87.80818048827201,31,7,25785.314767617427,7009.228172401064,0.08236126493873205,0.0020390512305822005,0.0008101018018469854
1,20260924,189,565,random_removal,best_insertion,12,False,infeasible,,92209.68361661978,8746.19408514762,87.49777096793557,30,7,25785.314767617427,7009.228172401064,0.08219654240885459,0.0015993196572989734,0.0006480814414775884
1,20260924,190,566,random_removal,makespan_balance_repair,27,False,infeasible,,196123.4286205577,9395.070249549717,91.07498357785941,30,7,25785.314767617427,7009.228172401064,0.08203214932403688,0.0012794557258391788,0.0008844675710526052
1,20260924,191,567,related_removal,regret2_insertion,22,False,infeasible,,255230.52920701055,10324.651284595768,86.8290629752446,30,7,25785.314767617427,7009.228172401064,0.08186808502538881,0.001929135930782028,0.00040034348438804486
1,20260924,192,568,critical_battery_removal,best_insertion,13,False,infeasible,,136855.0830642465,8935.780306878198,87.44433041451421,31,7,25785.314767617427,7009.228172401064,0.08170434885533803,0.0020540054136573686,0.0005184651531820707
1,20260924,193,569,critical_battery_removal,regret2_insertion,10,False,infeasible,,83774.6577771862,8431.12635530286,86.41491354234209,30,7,25785.314767617427,7009.228172401064,0.08154094015762736,0.0016432043309258949,0.00032027478751043593
1,20260924,194,570,worst_tardiness_removal,makespan_balance_repair,26,False,infeasible,,131739.17100878328,8735.11704495817,86.30525784256972,29,7,25785.314767617427,7009.228172401064,0.0813778582773121,0.0016312409844657606,0.0007075740568420842
1,20260924,195,571,worst_tardiness_removal,makespan_balance_repair,14,False,infeasible,,83417.86523692484,8725.63273696928,88.10441620672961,30,7,25785.314767617427,7009.228172401064,0.08121510256075748,0.0013049927875726085,0.0005660592454736674
1,20260924,196,572,legacy_neighbor,insert_service,0,True,annealed,,37990.452807418405,8618.23157124279,87.75729077939818,30,7,25785.314767617427,7009.228172401064,0.08105267235563597,,
1,20260924,197,573,worst_tardiness_removal,deadline_first_repair,23,False,infeasible,,209836.1111347962,9528.57161269501,92.31739618436892,33,7,25785.314767617427,7009.228172401064,0.0808905670109247,0.0010439942300580869,0.0004847560562492581
1,20260924,198,574,critical_makespan_removal,makespan_balance_repair,9,False,infeasible,,127365.87792440144,8581.78123135358,86.32820449873762,29,7,25785.314767617427,7009.228172401064,0.08072878587690285,0.0023718853817182115,0.00045284739637893394
1,20260924,199,575,worst_tardiness_removal,best_insertion,13,False,infeasible,,127102.41337777367,8618.23157124279,87.93746112948511,30,7,25785.314767617427,7009.228172401064,0.08056732830514905,0.0008351953840464695,0.0004147721225456566
1,20260924,200,576,related_removal,regret2_insertion,20,False,infeasible,,136271.3049614492,9721.969342797369,92.74010153160131,32,7,25785.314767617427,7009.228172401064,0.08040619364853875,0.0015433087446256226,0.00025621983000834875
1,20260924,201,577,early_deadline_removal,best_insertion,10,False,infeasible,,133462.38349987403,8875.69820227607,89.35146230499305,30,7,25785.314767617427,7009.228172401064,0.08024538126124167,0.0007922816251426447,0.0003318176980365253
1,20260924,202,578,related_removal,regret2_insertion,22,False,infeasible,,144259.04173510126,8738.923706996262,84.54347683801218,31,7,25785.314767617427,7009.228172401064,0.08008489049871918,0.0012346469957004982,0.000204975864006679
1,20260924,203,579,worst_tardiness_removal,deadline_first_repair,20,False,infeasible,,158714.3538847774,9498.484273859436,91.25851026384296,32,7,25785.314767617427,7009.228172401064,0.07992472071772175,0.0006681563072371756,0.0003878048449994065
1,20260924,204,580,critical_battery_removal,regret2_insertion,26,False,infeasible,,141534.00931363308,8934.130395029975,86.46978421711084,32,7,25785.314767617427,7009.228172401064,0.0797648712762863,0.001314563464740716,0.00016398069120534322
1,20260924,205,581,critical_makespan_removal,makespan_balance_repair,28,False,infeasible,,257558.98349910195,8375.116951097874,87.86295990728216,28,7,25785.314767617427,7009.228172401064,0.07960534153373373,0.0018975083053745694,0.00036227791710314716
1,20260924,206,582,random_removal,best_insertion,11,False,infeasible,,135308.91186298928,8618.23157124279,87.34502283921539,30,7,25785.314767617427,7009.228172401064,0.07944613085066626,0.001023564580671343,0.00026545415842922025
1,20260924,207,583,legacy_neighbor,priority_order,0,False,infeasible,,87875.85851187498,8948.676180178629,87.75729077939818,30,7,25785.314767617427,7009.228172401064,0.07928723858896493,,
1,20260924,208,584,worst_tardiness_removal,deadline_first_repair,16,False,infeasible,,162495.47279859654,9122.276646378325,88.23613951239173,31,7,25785.314767617427,7009.228172401064,0.079128664111787,0.0005345250457897405,0.00031024387599952523
1,20260924,209,585,worst_tardiness_removal,deadline_first_repair,26,False,infeasible,,127436.94071115158,9196.27914428652,91.56091782447379,33,7,25785.314767617427,7009.228172401064,0.07897040678356343,0.0004276200366317924,0.0002481951007996202
1,20260924,210,586,random_removal,makespan_balance_repair,25,False,infeasible,,139301.3828587363,9042.690509100661,85.78047708816806,30,7,25785.314767617427,7009.228172401064,0.0788124659699963,0.0008188516645370745,0.0002898223336825177
1,20260924,211,587,related_removal,regret2_insertion,18,False,infeasible,,69759.116023912,8727.583327719285,85.74154106640279,29,7,25785.314767617427,7009.228172401064,0.07865484103805631,0.0009877175965603987,0.00013118455296427459
1,20260924,212,588,related_removal,deadline_first_repair,28,False,infeasible,,163228.93884768293,9384.530353948247,91.23291807819547,32,7,25785.314767617427,7009.228172401064,0.0784975313559802,0.000790174077248319,0.0001985560806396962
1,20260924,213,589,critical_battery_removal,deadline_first_repair,27,False,infeasible,,98249.50477576024,8343.620072990681,83.87896772204867,30,7,25785.314767617427,7009.228172401064,0.07834053629326825,0.0010516507717925727,0.00015884486451175697
1,20260924,214,590,critical_battery_removal,makespan_balance_repair,22,False,infeasible,,97902.0553370498,8533.327142034932,87.10958739273669,30,7,25785.314767617427,7009.228172401064,0.0781838552206817,0.0008413206174340582,0.0002318578669460142
1,20260924,215,591,related_removal,makespan_balance_repair,26,False,infeasible,,139107.60493240264,8669.262057893915,88.67803803107968,29,7,25785.314767617427,7009.228172401064,0.07802748751024034,0.0006321392617986552,0.00018548629355681135
1,20260924,216,592,critical_battery_removal,best_insertion,15,False,infeasible,,136855.0830642465,8824.361018714786,87.52323702133954,31,7,25785.314767617427,7009.228172401064,0.07787143253521986,0.0006730564939472466,0.0002123633267433762
1,20260924,217,593,critical_battery_removal,best_insertion,12,False,infeasible,,160487.55725948233,8979.687923522211,88.04281875386945,31,7,25785.314767617427,7009.228172401064,0.07771568967014941,0.0005384451951577973,0.00016989066139470096
1,20260924,218,594,legacy_neighbor,two_opt,0,True,improved_current,,37899.367412909676,8618.23157124279,87.64672302259835,30,7,25785.314767617427,7009.228172401064,0.07756025829080912,,
1,20260924,219,595,critical_battery_removal,regret2_insertion,11,False,infeasible,,195400.9701017261,9019.929903702898,85.83913777661546,30,7,25785.314767617427,7009.228172401064,0.0774051377742275,0.0004307561561262378,0.00010494764237141967
1,20260924,220,596,random_removal,best_insertion,9,False,infeasible,,105086.8679818985,8851.532223066542,87.64854410558804,30,7,25785.314767617427,7009.228172401064,0.07725032749867905,0.0006550813316296596,0.00013591252911576078
1,20260924,221,597,critical_battery_removal,regret2_insertion,20,False,infeasible,,183532.02793916283,9467.470179324606,85.92401563377963,30,7,25785.314767617427,7009.228172401064,0.07709582684368169,0.0003446049249009903,8.395811389713574e-05
1,20260924,222,598,worst_tardiness_removal,makespan_balance_repair,15,False,infeasible,,122286.39389733893,8618.23157124279,87.73945207679222,30,7,25785.314767617427,7009.228172401064,0.07694163518999432,0.00034209602930543396,0.00014838903484544908
1,20260924,223,599,related_removal,regret2_insertion,21,False,infeasible,,162740.73454308716,9584.373096255631,90.50562214802518,33,7,25785.314767617427,7009.228172401064,0.07678775191961433,0.0005057114094389242,6.71664911177086e-05
1,20260924,224,600,worst_tardiness_removal,regret2_insertion,11,False,infeasible,,124831.54976596835,8312.51783152218,86.51326028026507,29,7,25785.314767617427,7009.228172401064,0.07663417641577511,0.0002736768234443472,5.3733192894166875e-05
1,20260924,225,601,critical_makespan_removal,best_insertion,22,False,infeasible,,152307.64329733446,8486.832179785597,84.4191444876634,27,7,25785.314767617427,7009.228172401064,0.07648090806294355,0.0015180066442996556,0.00010873002329260863
1,20260924,226,602,critical_makespan_removal,best_insertion,25,False,infeasible,,208985.4971821175,8270.25051331305,81.82241534455471,27,7,25785.314767617427,7009.228172401064,0.07632794624681767,0.0012144053154397247,8.698401863408691e-05
1,20260924,227,603,related_removal,makespan_balance_repair,13,False,infeasible,,130023.13411626816,8854.00584470276,86.51362394550242,30,7,25785.314767617427,7009.228172401064,0.07617529035432404,0.0004045691275511394,0.00011871122787635927
1,20260924,228,604,critical_makespan_removal,deadline_first_repair,16,False,infeasible,,149686.28632044618,9257.930877133142,86.45606174448265,31,7,25785.314767617427,7009.228172401064,0.07602293977361539,0.0009715242523517797,0.00012707589160940557
1,20260924,229,605,legacy_neighbor,swap_boxes,0,True,annealed,,37899.367412909676,8618.23157124279,87.64672302259835,30,7,25785.314767617427,7009.228172401064,0.07587089389406816,,
1,20260924,230,606,critical_battery_removal,best_insertion,12,False,infeasible,,160487.55725948233,8979.687923522211,87.93225099706964,31,7,25785.314767617427,7009.228172401064,0.07571915210628002,0.0002756839399207923,6.958721490726953e-05
1,20260924,231,607,worst_tardiness_removal,deadline_first_repair,15,False,infeasible,,161345.56812787848,9122.276646378325,88.1255717555919,31,7,25785.314767617427,7009.228172401064,0.07556771380206746,0.00021894145875547778,0.00010166071328752446
1,20260924,232,608,worst_tardiness_removal,best_insertion,11,False,infeasible,,127011.32798326494,8618.23157124279,87.8268933726853,30,7,25785.314767617427,7009.228172401064,0.07541657837446333,0.00017515316700438224,5.566977192581563e-05
1,20260924,233,609,critical_makespan_removal,makespan_balance_repair,22,False,infeasible,,152307.64329733446,8124.860365305472,83.22939526017102,27,7,25785.314767617427,7009.228172401064,0.07526574521771441,0.0007772194018814239,9.496898230108742e-05
1,20260924,234,610,worst_tardiness_removal,makespan_balance_repair,27,False,infeasible,,131648.08561427455,8735.11704495817,86.19469008576989,29,7,25785.314767617427,7009.228172401064,0.07511521372727899,0.0001401225336035058,7.597518584086995e-05
1,20260924,235,611,early_deadline_removal,deadline_first_repair,13,False,infeasible,,54544.07516570217,8630.222636425473,90.83364750490257,30,7,25785.314767617427,7009.228172401064,0.07496498329982443,0.0006338253001141158,8.132857063001957e-05
1,20260924,236,612,early_deadline_removal,deadline_first_repair,28,False,infeasible,,273414.33853422035,9943.080011491815,96.50394384819536,34,7,25785.314767617427,7009.228172401064,0.07481505333322477,0.0005070602400912927,6.506285650401566e-05
1,20260924,237,613,critical_battery_removal,makespan_balance_repair,22,False,infeasible,,97810.96994254108,8533.327142034932,86.99901963593688,30,7,25785.314767617427,7009.228172401064,0.07466542322655832,0.00022054715193663382,6.078014867269596e-05
1,20260924,238,614,random_removal,deadline_first_repair,26,False,infeasible,,90909.96391660417,9188.778052947764,91.40570742937818,31,7,25785.314767617427,7009.228172401064,0.0745160923801052,0.0005240650653037277,5.2050285203212526e-05
1,20260924,239,615,related_removal,deadline_first_repair,14,False,infeasible,,93681.34527670441,9418.91313950625,94.10933811613776,34,7,25785.314767617427,7009.228172401064,0.07436706019534499,0.00032365530204091155,4.164022816257002e-05
1,20260924,240,616,legacy_neighbor,merge,0,True,annealed,,37899.367412909676,8618.23157124279,87.64672302259835,30,7,25785.314767617427,7009.228172401064,0.0742183260749543,,
1,20260924,241,617,critical_makespan_removal,makespan_balance_repair,14,False,infeasible,,169749.69396192709,8447.525791814329,86.23569710686326,29,7,25785.314767617427,7009.228172401064,0.07406988942280439,0.0006217755215051392,4.862411893815677e-05
1,20260924,242,618,critical_makespan_removal,best_insertion,19,False,infeasible,,237113.68525768662,8393.308728360838,81.68896447020484,26,7,25785.314767617427,7009.228172401064,0.07392174964395878,0.0004974204172041114,4.4535817540652505e-05
1,20260924,243,619,random_removal,best_insertion,10,False,infeasible,,177866.07955004764,8746.19408514762,86.02806220575539,29,7,25785.314767617427,7009.228172401064,0.07377390614467087,0.0004192520522429822,3.562865403252201e-05
1,20260924,244,620,related_removal,deadline_first_repair,18,False,infeasible,,168323.08277367393,9331.722789108457,95.71945939566703,34,7,25785.314767617427,7009.228172401064,0.07362635833238153,0.00025892424163272924,3.331218253005602e-05
1,20260924,245,621,early_deadline_removal,regret2_insertion,26,False,infeasible,,85636.41286398568,8626.415369720866,86.53612190481921,28,7,25785.314767617427,7009.228172401064,0.07347910561571676,0.00040564819207303417,4.29865543153335e-05
1,20260924,246,622,critical_battery_removal,best_insertion,26,False,infeasible,,135752.68058229986,9343.063678369004,88.81326454501695,32,7,25785.314767617427,7009.228172401064,0.07333214740448532,0.00017643772154930706,2.8502923226017607e-05
1,20260924,247,623,critical_makespan_removal,best_insertion,17,False,infeasible,,227598.67761530183,8082.944372149737,82.13885625971247,27,7,25785.314767617427,7009.228172401064,0.07318548310967635,0.00039793633376328913,2.2802338580814088e-05
1,20260924,248,624,critical_battery_removal,makespan_balance_repair,12,False,infeasible,,139169.90984535147,8824.361018714786,87.74401562129123,31,7,25785.314767617427,7009.228172401064,0.073039112143457,0.00014115017723944566,3.889929515052542e-05
1,20260924,249,625,random_removal,regret2_insertion,23,False,infeasible,,129363.65117335405,9120.767464510807,86.95232351242034,30,7,25785.314767617427,7009.228172401064,0.07289303391917008,0.0003354016417943858,3.43892434522668e-05
1,20260924,250,626,random_removal,best_insertion,26,False,infeasible,,179324.20848406214,9322.291895045093,90.7247475753548,30,7,25785.314767617427,7009.228172401064,0.07274724785133174,0.00026832131343550863,1.824187086465127e-05
1,20260924,251,627,legacy_neighbor,change_model,0,False,infeasible,,140204.39311409986,9512.040083435588,89.46068146911135,30,7,25785.314767617427,7009.228172401064,0.07260175335562907,,
1,20260924,252,628,early_deadline_removal,makespan_balance_repair,23,False,infeasible,,183036.45991116192,8634.083015680279,87.54858487183,28,7,25785.314767617427,7009.228172401064,0.07245654984891782,0.00032451855365842736,3.111943612042034e-05
1,20260924,253,629,random_removal,regret2_insertion,25,False,infeasible,,123803.49109050994,8676.868485156681,83.34450610408321,29,7,25785.314767617427,7009.228172401064,0.07231163674921999,0.00021465705074840693,2.7511394761813443e-05
1,20260924,254,630,related_removal,deadline_first_repair,25,False,infeasible,,219542.06470655563,8656.867180340194,86.12847590526279,30,7,25785.314767617427,7009.228172401064,0.07216701347572155,0.0002071393933061834,2.6649746024044818e-05
1,20260924,255,631,early_deadline_removal,regret2_insertion,20,False,infeasible,,136334.8276108466,8413.173310001433,83.44800301176893,28,7,25785.314767617427,7009.228172401064,0.07202267944877011,0.0002596148429267419,2.2009115809450756e-05
1,20260924,256,632,critical_makespan_removal,best_insertion,24,False,infeasible,,246485.74235939083,8258.778064335282,81.27331247953067,28,7,25785.314767617427,7009.228172401064,0.07187863408987256,0.0003183490670106313,1.4593496691721017e-05
1,20260924,257,633,early_deadline_removal,deadline_first_repair,27,False,infeasible,,278872.2554268825,9702.53295456658,98.05514003507668,34,7,25785.314767617427,7009.228172401064,0.07173487682169281,0.00020769187434139353,2.1319796819235855e-05
1,20260924,258,634,worst_tardiness_removal,best_insertion,12,False,infeasible,,127011.32798326494,8618.23157124279,87.8268933726853,30,7,25785.314767617427,7009.228172401064,0.07159140706804942,0.00011209802688280464,1.1674797353376815e-05
1,20260924,259,635,critical_battery_removal,best_insertion,14,False,infeasible,,189847.17961756315,8979.687923522211,85.83772757786848,30,7,25785.314767617427,7009.228172401064,0.07144822425391333,0.00011292014179155653,9.339837882701453e-06
1,20260924,260,636,early_deadline_removal,makespan_balance_repair,17,False,infeasible,,213880.3775168663,9032.901795969321,89.47617205180856,30,7,25785.314767617427,7009.228172401064,0.0713053278054055,0.00016615349947311482,2.4895548896336272e-05
1,20260924,261,637,related_removal,makespan_balance_repair,27,False,infeasible,,231750.0568265597,9789.525464312563,90.49754010368974,31,7,25785.314767617427,7009.228172401064,0.07116271714979468,0.00016571151464494672,1.9916439117069018e-05
1,20260924,262,638,legacy_neighbor,reorder,0,False,infeasible,,49427.81272751815,8618.23157124279,87.8089780528174,30,7,25785.314767617427,7009.228172401064,0.07102039171549508,,
1,20260924,263,639,early_deadline_removal,best_insertion,28,False,infeasible,,231229.63636937304,9050.61190819517,89.21543194228778,31,7,25785.314767617427,7009.228172401064,0.07087835093206409,0.00013292279957849188,7.471870306161163e-06
1,20260924,264,640,random_removal,deadline_first_repair,18,False,infeasible,,170472.28787705218,9301.091933762154,90.53669830695603,32,7,25785.314767617427,7009.228172401064,0.07073659423019996,0.00017172564059872555,1.7055837455388685e-05
1,20260924,265,641,critical_battery_removal,regret2_insertion,21,False,infeasible,,183532.02793916283,9467.470179324606,85.92401563377963,30,7,25785.314767617427,7009.228172401064,0.07059512104173955,9.033611343324523e-05,1.7607292647560606e-05
1,20260924,266,642,related_removal,makespan_balance_repair,27,False,infeasible,,112113.87860434601,8183.38779789013,86.37675907158237,29,7,25785.314767617427,7009.228172401064,0.07045393079965608,0.00013256921171595737,1.5933151293655214e-05
1,20260924,267,643,early_deadline_removal,regret2_insertion,23,False,infeasible,,160862.15142728167,8216.48461893934,84.17173028157403,28,7,25785.314767617427,7009.228172401064,0.07031302293805676,0.0001063382396627935,1.4085834118048486e-05
1,20260924,268,644,related_removal,best_insertion,24,False,infeasible,,132818.4008616764,9722.059751134322,85.57554478500472,30,7,25785.314767617427,7009.228172401064,0.07017239689218065,0.00010605536937276591,5.977496244928931e-06
1,20260924,269,645,critical_makespan_removal,makespan_balance_repair,26,False,infeasible,,164330.5707184762,8242.062074716234,82.18467836599032,27,7,25785.314767617427,7009.228172401064,0.07003205209839629,0.0002546792536085051,1.2746521034924173e-05
1,20260924,270,646,early_deadline_removal,deadline_first_repair,9,False,infeasible,,114256.18235139489,9459.976055768551,90.08198861759715,30,7,25785.314767617427,7009.228172401064,0.06989198799419949,8.507059173023481e-05,1.3644669964310949e-05
1,20260924,271,647,random_removal,best_insertion,17,False,infeasible,,60347.07231206416,8477.246786730146,84.71332085743516,29,7,25785.314767617427,7009.228172401064,0.06975220401821108,0.00013738051247898044,4.781996995943145e-06
1,20260924,272,648,critical_makespan_removal,makespan_balance_repair,17,False,infeasible,,162193.73635427203,8257.232996746587,81.73708348813716,27,7,25785.314767617427,7009.228172401064,0.06961269961017466,0.00020374340288680407,1.0197216827939339e-05
1,20260924,273,649,legacy_neighbor,swap_boxes,0,False,infeasible,,37539.367412909676,9168.948182731203,89.34061198788982,30,7,25785.314767617427,7009.228172401064,0.06947347421095432,,
1,20260924,274,650,critical_makespan_removal,regret2_insertion,15,False,infeasible,,138474.49468878197,9257.930877133142,84.04486137145892,30,7,25785.314767617427,7009.228172401064,0.0693345272625324,0.00016299472230944326,1.1268667294438789e-05
1,20260924,275,651,random_removal,deadline_first_repair,18,False,infeasible,,113917.28177552421,9257.930877133142,94.63918972583498,32,7,25785.314767617427,7009.228172401064,0.06919585820800735,0.00010990440998318436,1.091573597144876e-05
1,20260924,276,652,random_removal,regret2_insertion,20,False,infeasible,,118295.51842708692,8466.820936332975,84.46667397858836,29,7,25785.314767617427,7009.228172401064,0.06905746649159133,8.79235279865475e-05,9.014933835551032e-06
1,20260924,277,653,critical_makespan_removal,best_insertion,27,False,infeasible,,225409.47810405426,9344.547835567571,84.25060609241196,28,7,25785.314767617427,7009.228172401064,0.06891935155860815,0.00013039577784755462,3.825597596754516e-06
1,20260924,278,654,critical_battery_removal,best_insertion,13,False,infeasible,,136855.0830642465,8935.780306878198,87.33376265771439,31,7,25785.314767617427,7009.228172401064,0.06878151285549093,7.226889074659619e-05,3.060478077403613e-06
1,20260924,279,655,critical_battery_removal,makespan_balance_repair,9,False,infeasible,,153222.99218757116,9176.185903278705,87.7443835517678,30,7,25785.314767617427,7009.228172401064,0.06864394982977995,5.781511259727695e-05,8.157773462351472e-06
1,20260924,280,656,critical_makespan_removal,deadline_first_repair,10,False,infeasible,,124180.35203337131,8828.967576906975,88.43992218217241,31,7,25785.314767617427,7009.228172401064,0.0685066619301204,0.0001043166222780437,8.732588777159008e-06
1,20260924,281,657,critical_battery_removal,regret2_insertion,22,False,infeasible,,187478.7444881645,8824.361018714786,86.6432572732411,30,7,25785.314767617427,7009.228172401064,0.06836964860626016,4.625209007782156e-05,7.211947068440826e-06
1,20260924,282,658,related_removal,best_insertion,25,False,infeasible,,174210.75370218424,9147.817118618224,90.42886886564713,29,7,25785.314767617427,7009.228172401064,0.06823290930904764,8.484429549821273e-05,2.4483824619228906e-06
1,20260924,283,659,related_removal,regret2_insertion,16,False,infeasible,,134326.58348576372,8618.23157124279,86.95916934456027,30,7,25785.314767617427,7009.228172401064,0.06809644349042955,6.787543639857019e-05,5.769557654752661e-06
1,20260924,284,660,legacy_neighbor,remove_reinsert,0,True,annealed,,37899.367412909676,8618.23157124279,87.64672302259835,30,7,25785.314767617427,7009.228172401064,0.0679602506034487,,
1,20260924,285,661,random_removal,deadline_first_repair,25,False,infeasible,,264734.8016745422,9567.326685525639,90.39881041644449,30,7,25785.314767617427,7009.228172401064,0.0678243301022418,7.0338822389238e-05,6.986071021727206e-06
1,20260924,286,662,worst_tardiness_removal,regret2_insertion,27,False,infeasible,,227063.52727080171,9430.846903308127,89.59678975712461,33,7,25785.314767617427,7009.228172401064,0.06768868144203731,8.967842150624372e-05,4.615646123802129e-06
1,20260924,287,663,critical_battery_removal,deadline_first_repair,10,False,infeasible,,87821.05331383392,9123.422901693924,85.92013486485246,30,7,25785.314767617427,7009.228172401064,0.06755330407915323,3.700167206225725e-05,5.588856817381766e-06
1,20260924,288,664,early_deadline_removal,deadline_first_repair,12,False,infeasible,,54544.07516570217,8630.222636425473,90.83364750490257,30,7,25785.314767617427,7009.228172401064,0.06741819747099492,6.805647338418785e-05,4.471085453905413e-06
1,20260924,289,665,early_deadline_removal,makespan_balance_repair,12,True,annealed,,40685.936611687284,8540.895731618048,88.00108755376317,30,7,25785.314767617427,7009.228172401064,0.06728336107605293,0.20005444517870735,0.20000652621876988
1,20260924,290,666,early_deadline_removal,makespan_balance_repair,25,False,infeasible,,207403.3978114976,9048.952584387962,89.37889265351967,29,7,25785.314767617427,7009.228172401064,0.06714879435390082,0.1600435561429659,0.1600052209750159
1,20260924,291,667,early_deadline_removal,makespan_balance_repair,10,True,annealed,,40685.936611687284,8540.895731618048,88.00108755376317,30,7,25785.314767617427,7009.228172401064,0.06701449676519303,0.32803484491437274,0.3280041767800127
1,20260924,292,668,early_deadline_removal,makespan_balance_repair,23,False,infeasible,,183036.45991116192,8634.083015680279,87.54858487183,28,7,25785.314767617427,7009.228172401064,0.06688046777166264,0.2624278759314982,0.2624033414240102
1,20260924,293,669,early_deadline_removal,makespan_balance_repair,15,False,infeasible,,187589.31957664204,8152.326595379864,86.41437698030664,29,7,25785.314767617427,7009.228172401064,0.06674670683611932,0.20994230074519857,0.20992267313920815
1,20260924,294,670,early_deadline_removal,makespan_balance_repair,15,False,infeasible,,187589.31957664204,8152.326595379864,86.41437698030664,29,7,25785.314767617427,7009.228172401064,0.06661321342244708,0.16795384059615887,0.16793813851136652
1,20260924,295,671,legacy_neighbor,remove_reinsert,0,True,annealed,,40685.936611687284,8540.895731618048,88.06192517076458,30,7,25785.314767617427,7009.228172401064,0.06647998699560219,,
1,20260924,296,672,early_deadline_removal,makespan_balance_repair,9,True,annealed,,40685.936611687284,8540.895731618048,88.06192517076458,30,7,25785.314767617427,7009.228172401064,0.06634702702161098,0.3343630724769271,0.3343505108090932
1,20260924,297,673,early_deadline_removal,makespan_balance_repair,12,True,annealed,,40685.936611687284,8540.895731618048,88.06192517076458,30,7,25785.314767617427,7009.228172401064,0.06621433296756776,0.4674904579815417,0.4674804086472746
1,20260924,298,674,early_deadline_removal,makespan_balance_repair,17,False,infeasible,,213880.3775168663,9032.901795969321,89.53700966880999,30,7,25785.314767617427,7009.228172401064,0.06608190430163263,0.37399236638523337,0.3739843269178197
1,20260924,299,675,early_deadline_removal,makespan_balance_repair,21,False,infeasible,,204705.47042542405,8638.697254217937,88.94558670781518,28,7,25785.314767617427,7009.228172401064,0.06594974049302936,0.2991938931081867,0.29918746153425574
1,20260924,300,676,early_deadline_removal,makespan_balance_repair,13,True,annealed,,40685.936611687284,8540.895731618048,88.06192517076458,30,7,25785.314767617427,7009.228172401064,0.0658178410120433,0.4393551144865494,0.4393499692274046
1,20260924,301,677,early_deadline_removal,makespan_balance_repair,17,False,infeasible,,213880.3775168663,9032.901795969321,89.53700966880999,30,7,25785.314767617427,7009.228172401064,0.06568620533001922,0.35148409158923954,0.3514799753819237
1,20260924,302,678,early_deadline_removal,makespan_balance_repair,20,False,infeasible,,206801.0378893457,8655.849330144212,86.74393591279657,27,7,25785.314767617427,7009.228172401064,0.06555483291935918,0.28118727327139165,0.281183980305539
1,20260924,303,679,early_deadline_removal,makespan_balance_repair,14,False,infeasible,,49700.733955032054,9092.901795969321,90.01575944723363,31,7,25785.314767617427,7009.228172401064,0.06542372325352046,0.22494981861711333,0.2249471842444312
1,20260924,304,680,early_deadline_removal,makespan_balance_repair,9,True,annealed,,40685.936611687284,8540.895731618048,88.06192517076458,30,7,25785.314767617427,7009.228172401064,0.06529287580701341,0.37995985489369066,0.379957747395545
1,20260924,305,681,early_deadline_removal,makespan_balance_repair,9,True,annealed,,40685.936611687284,8540.895731618048,88.06192517076458,30,7,25785.314767617427,7009.228172401064,0.06516229005539939,0.5039678839149526,0.503966197916436
1,20260924,306,682,legacy_neighbor,two_opt,0,True,annealed,,40685.936611687284,8540.895731618048,88.19479067471498,30,7,25785.314767617427,7009.228172401064,0.0650319654752886,,
1,20260924,307,683,early_deadline_removal,makespan_balance_repair,22,False,infeasible,,158988.77803049935,8772.931555494666,87.21522819625693,28,7,25785.314767617427,7009.228172401064,0.06490190154433802,0.4031743071319621,0.40317295833314887
1,20260924,308,684,early_deadline_removal,makespan_balance_repair,16,False,infeasible,,202400.89915476713,8655.849330144212,88.46234569680632,29,7,25785.314767617427,7009.228172401064,0.06477209774124934,0.3225394457055697,0.32253836666651914
1,20260924,309,685,early_deadline_removal,makespan_balance_repair,17,False,infeasible,,213880.3775168663,9032.901795969321,89.66987517276038,30,7,25785.314767617427,7009.228172401064,0.06464255354576684,0.25803155656445576,0.2580306933332153
1,20260924,310,686,early_deadline_removal,makespan_balance_repair,20,False,infeasible,,206801.0378893457,8655.849330144212,86.87680141674699,27,7,25785.314767617427,7009.228172401064,0.0645132684386753,0.2064252452515646,0.20642455466657228
1,20260924,311,687,early_deadline_removal,makespan_balance_repair,12,True,annealed,,40685.936611687284,8540.895731618048,88.19479067471498,30,7,25785.314767617427,7009.228172401064,0.06438424190179795,0.3651401962012517,0.36513964373325786
1,20260924,312,688,early_deadline_removal,makespan_balance_repair,12,True,annealed,,40685.936611687284,8540.895731618048,88.19479067471498,30,7,25785.314767617427,7009.228172401064,0.06425547341799435,0.4921121569610014,0.49211171498660633
1,20260924,313,689,early_deadline_removal,makespan_balance_repair,12,True,annealed,,40685.936611687284,8540.895731618048,88.19479067471498,30,7,25785.314767617427,7009.228172401064,0.06412696247115837,0.5936897255688012,0.5936893719892851
1,20260924,314,690,early_deadline_removal,makespan_balance_repair,18,False,infeasible,,241555.21271303494,8704.697254217937,88.10775275867351,29,7,25785.314767617427,7009.228172401064,0.06399870854621606,0.47495178045504094,0.4749514975914281
1,20260924,315,691,early_deadline_removal,makespan_balance_repair,17,False,infeasible,,213880.3775168663,9032.901795969321,89.66987517276038,30,7,25785.314767617427,7009.228172401064,0.06387071112912363,0.3799614243640328,0.3799611980731425
1,20260924,316,692,early_deadline_removal,makespan_balance_repair,22,False,infeasible,,158988.77803049935,8772.931555494666,87.21522819625693,28,7,25785.314767617427,7009.228172401064,0.06374296970686538,0.3039691394912263,0.303968958458514
1,20260924,317,693,legacy_neighbor,merge,0,True,annealed,,40685.936611687284,8540.895731618048,88.19479067471498,30,7,25785.314767617427,7009.228172401064,0.06361548376745166,,
1,20260924,318,694,early_deadline_removal,makespan_balance_repair,21,False,infeasible,,204705.47042542405,8638.697254217937,89.0784522117656,28,7,25785.314767617427,7009.228172401064,0.06348825279991675,0.24317531159298103,0.24317516676681122
1,20260924,319,695,early_deadline_removal,makespan_balance_repair,11,True,annealed,,40685.936611687284,8540.895731618048,88.19479067471498,30,7,25785.314767617427,7009.228172401064,0.06336127629431693,0.39454024927438486,0.394540133413449
1,20260924,320,696,early_deadline_removal,makespan_balance_repair,22,False,infeasible,,158988.77803049935,8772.931555494666,87.21522819625693,28,7,25785.314767617427,7009.228172401064,0.06323455374172829,0.31563219941950793,0.31563210673075925
1,20260924,321,697,early_deadline_removal,makespan_balance_repair,9,True,annealed,,40685.936611687284,8540.895731618048,88.19479067471498,30,7,25785.314767617427,7009.228172401064,0.06310808463424483,0.45250575953560634,0.45250568538460745
1,20260924,322,698,early_deadline_removal,makespan_balance_repair,16,False,infeasible,,202400.89915476713,8655.849330144212,88.46234569680632,29,7,25785.314767617427,7009.228172401064,0.06298186846497635,0.3620046076284851,0.36200454830768597
1,20260924,323,699,early_deadline_removal,makespan_balance_repair,21,False,infeasible,,204705.47042542405,8638.697254217937,89.0784522117656,28,7,25785.314767617427,7009.228172401064,0.06285590472804639,0.2896036861027881,0.2896036386461488
1,20260924,324,700,early_deadline_removal,makespan_balance_repair,21,False,infeasible,,204705.47042542405,8638.697254217937,89.0784522117656,28,7,25785.314767617427,7009.228172401064,0.0627301929185903,0.23168294888223048,0.23168291091691906
1,20260924,325,701,early_deadline_removal,makespan_balance_repair,19,False,infeasible,,294457.46264584234,9215.237462075032,89.44212925481263,30,7,25785.314767617427,7009.228172401064,0.06260473253275313,0.1853463591057844,0.18534632873353526
1,20260924,326,702,early_deadline_removal,makespan_balance_repair,12,True,annealed,,40685.936611687284,8540.895731618048,88.19479067471498,30,7,25785.314767617427,7009.228172401064,0.06247952306768762,0.34827708728462753,0.34827706298682826
1,20260924,327,703,early_deadline_removal,makespan_balance_repair,9,True,annealed,,40685.936611687284,8540.895731618048,88.19479067471498,30,7,25785.314767617427,7009.228172401064,0.06235456402155225,0.47862166982770205,0.47862165038946264
1,20260924,328,704,legacy_neighbor,move_partial,0,True,annealed,,40685.936611687284,8540.895731618048,88.19479067471498,30,7,25785.314767617427,7009.228172401064,0.06222985489350914,,
1,20260924,329,705,early_deadline_removal,makespan_balance_repair,21,False,infeasible,,204705.47042542405,8638.697254217937,89.0784522117656,28,7,25785.314767617427,7009.228172401064,0.06210539518372212,0.3828973358621617,0.38289732031157014
1,20260924,330,706,early_deadline_removal,makespan_balance_repair,28,False,infeasible,,477804.30485939415,9260.642029104785,89.65391888325507,29,7,25785.314767617427,7009.228172401064,0.06198118439335468,0.3063178686897294,0.3063178562492561
1,20260924,331,707,early_deadline_removal,makespan_balance_repair,25,False,infeasible,,207403.3978114976,9048.952584387962,89.5725957744715,29,7,25785.314767617427,7009.228172401064,0.06185722202456797,0.24505429495178352,0.2450542849994049
1,20260924,332,708,early_deadline_removal,makespan_balance_repair,18,False,infeasible,,241555.21271303494,8704.697254217937,88.10775275867351,29,7,25785.314767617427,7009.228172401064,0.061733507580518834,0.19604343596142682,0.19604342799952393
1,20260924,333,709,early_deadline_removal,makespan_balance_repair,15,False,infeasible,,187589.31957664204,8152.326595379864,86.60808010125847,29,7,25785.314767617427,7009.228172401064,0.06161004056535779,0.15683474876914147,0.15683474239961914
1,20260924,334,710,early_deadline_removal,makespan_balance_repair,14,False,infeasible,,49700.733955032054,9092.901795969321,90.14862495118405,31,7,25785.314767617427,7009.228172401064,0.06148682048422708,0.1254677990153132,0.12546779391969531
1,20260924,335,711,early_deadline_removal,makespan_balance_repair,21,False,infeasible,,204705.47042542405,8638.697254217937,89.0784522117656,28,7,25785.314767617427,7009.228172401064,0.06136384684325862,0.10037423921225055,0.10037423513575626
1,20260924,336,712,early_deadline_removal,makespan_balance_repair,9,True,annealed,,40685.936611687284,8540.895731618048,88.19479067471498,30,7,25785.314767617427,7009.228172401064,0.06124111914957211,0.2802993913698005,0.280299388108605
1,20260924,337,713,early_deadline_removal,makespan_balance_repair,14,False,infeasible,,49700.733955032054,9092.901795969321,90.14862495118405,31,7,25785.314767617427,7009.228172401064,0.061118636911272964,0.2242395130958404,0.224239510486884
1,20260924,338,714,early_deadline_removal,makespan_balance_repair,16,False,infeasible,,202400.89915476713,8655.849330144212,88.46234569680632,29,7,25785.314767617427,7009.228172401064,0.06099639963745042,0.17939161047667232,0.1793916083895072
1,20260924,339,715,legacy_neighbor,swap_boxes,0,True,annealed,,40685.936611687284,8540.895731618048,88.19479067471498,30,7,25785.314767617427,7009.228172401064,0.06087440683817552,,
1,20260924,340,716,early_deadline_removal,makespan_balance_repair,21,False,infeasible,,204705.47042542405,8638.697254217937,89.0784522117656,28,7,25785.314767617427,7009.228172401064,0.06075265802449917,0.14351328838133787,0.14351328671160576
1,20260924,341,717,early_deadline_removal,makespan_balance_repair,9,True,annealed,,40685.936611687284,8540.895731618048,88.19479067471498,30,7,25785.314767617427,7009.228172401064,0.06063115270845017,0.3148106307050703,0.3148106293692846
1,20260924,342,718,early_deadline_removal,makespan_balance_repair,27,False,infeasible,,139662.13674136184,8203.77480408894,86.22151099424049,28,7,25785.314767617427,7009.228172401064,0.06050989040303327,0.2518485045640563,0.2518485034954277
1,20260924,343,719,early_deadline_removal,makespan_balance_repair,27,False,infeasible,,139662.13674136184,8203.77480408894,86.22151099424049,28,7,25785.314767617427,7009.228172401064,0.060388870622227205,0.20147880365124504,0.20147880279634217
1,20260924,344,720,early_deadline_removal,makespan_balance_repair,12,True,annealed,,40685.936611687284,8540.895731618048,88.19479067471498,30,7,25785.314767617427,7009.228172401064,0.06026809288098275,0.36118304292099607,0.36118304223707376
1,20260924,345,721,early_deadline_removal,makespan_balance_repair,20,False,infeasible,,206801.0378893457,8655.849330144212,86.87680141674699,27,7,25785.314767617427,7009.228172401064,0.06014755669522078,0.28894643433679684,0.288946433789659
1,20260924,346,722,early_deadline_removal,makespan_balance_repair,15,False,infeasible,,187589.31957664204,8152.326595379864,86.60808010125847,29,7,25785.314767617427,7009.228172401064,0.06002726158183034,0.2311571474694375,0.2311571470317272
1,20260924,347,723,early_deadline_removal,makespan_balance_repair,26,False,infeasible,,207403.3978114976,9048.952584387962,89.5725957744715,29,7,25785.314767617427,7009.228172401064,0.05990720705866668,0.18492571797555002,0.1849257176253818
1,20260924,348,724,early_deadline_removal,makespan_balance_repair,13,True,annealed,,40685.936611687284,8540.895731618048,88.19479067471498,30,7,25785.314767617427,7009.228172401064,0.059787392644549346,0.34794057438044,0.34794057410030543
1,20260924,349,725,early_deadline_removal,makespan_balance_repair,19,False,infeasible,,294457.46264584234,9215.237462075032,89.44212925481263,30,7,25785.314767617427,7009.228172401064,0.059667817859260244,0.278352459504352,0.2783524592802444
1,20260924,350,726,legacy_neighbor,move_partial,0,True,annealed,,40685.936611687284,8540.895731618048,88.19479067471498,30,7,25785.314767617427,7009.228172401064,0.05954848222354173,,
1,20260924,351,727,early_deadline_removal,makespan_balance_repair,17,False,infeasible,,213880.3775168663,9032.901795969321,89.66987517276038,30,7,25785.314767617427,7009.228172401064,0.05942938525909464,0.2226819676034816,0.22268196742419552
1,20260924,352,728,early_deadline_removal,makespan_balance_repair,27,False,infeasible,,139662.13674136184,8203.77480408894,86.22151099424049,28,7,25785.314767617427,7009.228172401064,0.05931052648857645,0.1781455740827853,0.17814557393935643
1,20260924,353,729,early_deadline_removal,makespan_balance_repair,23,False,infeasible,,183036.45991116192,8634.083015680279,87.74228799278181,28,7,25785.314767617427,7009.228172401064,0.0591919054355993,0.14251645926622825,0.14251645915148514
1,20260924,354,730,early_deadline_removal,makespan_balance_repair,16,False,infeasible,,202400.89915476713,8655.849330144212,88.46234569680632,29,7,25785.314767617427,7009.228172401064,0.059073521624728106,0.1140131674129826,0.11401316732118812
1,20260924,355,731,early_deadline_removal,makespan_balance_repair,23,False,infeasible,,183036.45991116192,8634.083015680279,87.74228799278181,28,7,25785.314767617427,7009.228172401064,0.05895537458147865,0.09121053393038608,0.0912105338569505
1,20260924,356,732,early_deadline_removal,makespan_balance_repair,18,False,infeasible,,241555.21271303494,8704.697254217937,88.10775275867351,29,7,25785.314767617427,7009.228172401064,0.05883746383231569,0.07296842714430887,0.0729684270855604
1,20260924,357,733,early_deadline_removal,makespan_balance_repair,19,False,infeasible,,294457.46264584234,9215.237462075032,89.44212925481263,30,7,25785.314767617427,7009.228172401064,0.05871978890465106,0.0583747417154471,0.05837474166844832
1,20260924,358,734,early_deadline_removal,makespan_balance_repair,27,False,infeasible,,139662.13674136184,8203.77480408894,86.22151099424049,28,7,25785.314767617427,7009.228172401064,0.05860234932684175,0.04669979337235768,0.046699793334758655
1,20260924,359,735,early_deadline_removal,makespan_balance_repair,25,False,infeasible,,207403.3978114976,9048.952584387962,89.5725957744715,29,7,25785.314767617427,7009.228172401064,0.05848514462818807,0.037359834697886146,0.03735983466780692
1,20260924,360,736,early_deadline_removal,makespan_balance_repair,27,False,infeasible,,139662.13674136184,8203.77480408894,86.22151099424049,28,7,25785.314767617427,7009.228172401064,0.05836817433893169,0.029887867758308918,0.029887867734245538
1,20260924,361,737,legacy_neighbor,move_partial,0,True,annealed,,40685.936611687284,8540.895731618048,88.19479067471498,30,7,25785.314767617427,7009.228172401064,0.058251437990253827,,
1,20260924,362,738,early_deadline_removal,makespan_balance_repair,14,False,infeasible,,49700.733955032054,9092.901795969321,90.14862495118405,31,7,25785.314767617427,7009.228172401064,0.05813493511427332,0.023910294206647136,0.02391029418739643
1,20260924,363,739,early_deadline_removal,makespan_balance_repair,22,False,infeasible,,158988.77803049935,8772.931555494666,87.21522819625693,28,7,25785.314767617427,7009.228172401064,0.058018665244044774,0.01912823536531771,0.019128235349917144
1,20260924,364,740,early_deadline_removal,makespan_balance_repair,15,False,infeasible,,187589.31957664204,8152.326595379864,86.60808010125847,29,7,25785.314767617427,7009.228172401064,0.05790262791355669,0.01530258829225417,0.015302588279933716
1,20260924,365,741,early_deadline_removal,makespan_balance_repair,18,False,infeasible,,241555.21271303494,8704.697254217937,88.10775275867351,29,7,25785.314767617427,7009.228172401064,0.057786822657729574,0.012242070633803337,0.012242070623946973
1,20260924,366,742,early_deadline_removal,makespan_balance_repair,24,False,infeasible,,207403.3978114976,9048.952584387962,89.5725957744715,29,7,25785.314767617427,7009.228172401064,0.05767124901241411,0.00979365650704267,0.00979365649915758
1,20260924,367,743,early_deadline_removal,makespan_balance_repair,22,False,infeasible,,158988.77803049935,8772.931555494666,87.21522819625693,28,7,25785.314767617427,7009.228172401064,0.057555906514389285,0.007834925205634136,0.007834925199326064
1,20260924,368,744,early_deadline_removal,makespan_balance_repair,25,False,infeasible,,207403.3978114976,9048.952584387962,89.5725957744715,29,7,25785.314767617427,7009.228172401064,0.05744079470136051,0.006267940164507309,0.006267940159460851
1,20260924,369,745,early_deadline_removal,makespan_balance_repair,24,False,infeasible,,207403.3978114976,9048.952584387962,89.5725957744715,29,7,25785.314767617427,7009.228172401064,0.05732591311195779,0.0050143521316058474,0.005014352127568681
1,20260924,370,746,early_deadline_removal,makespan_balance_repair,24,False,infeasible,,207403.3978114976,9048.952584387962,89.5725957744715,29,7,25785.314767617427,7009.228172401064,0.05721126128573387,0.004011481705284678,0.004011481702054945
1,20260924,371,747,early_deadline_removal,makespan_balance_repair,21,False,infeasible,,204705.47042542405,8638.697254217937,89.0784522117656,28,7,25785.314767617427,7009.228172401064,0.057096838763162405,0.0032091853642277424,0.0032091853616439564
1,20260924,372,748,legacy_neighbor,swap_boxes,0,True,annealed,,40685.936611687284,8540.895731618048,88.19479067471498,30,7,25785.314767617427,7009.228172401064,0.05698264508563608,,
1,20260924,373,749,early_deadline_removal,makespan_balance_repair,23,False,infeasible,,183036.45991116192,8634.083015680279,87.74228799278181,28,7,25785.314767617427,7009.228172401064,0.05686867979546481,0.002567348291382194,0.0025673482893151653
1,20260924,374,750,early_deadline_removal,makespan_balance_repair,23,False,infeasible,,183036.45991116192,8634.083015680279,87.74228799278181,28,7,25785.314767617427,7009.228172401064,0.05675494243587388,0.002053878633105755,0.002053878631452132
2,20260925,0,751,early_deadline_removal,makespan_balance_repair,19,False,infeasible,,119884.45468742232,10761.277450608335,84.65636948448615,28,7,25785.314767617427,7009.228172401064,0.12,0.0016431029064846042,0.0016431029051617058
2,20260925,1,752,early_deadline_removal,makespan_balance_repair,24,False,infeasible,,263995.7062594356,10787.178084648602,87.65581005196393,31,7,25785.314767617427,7009.228172401064,0.11975999999999999,0.0013144823251876835,0.0013144823241293647
2,20260925,2,753,early_deadline_removal,makespan_balance_repair,16,False,infeasible,,165437.43261834787,13030.292556331196,88.60715539855977,29,7,25785.314767617427,7009.228172401064,0.11952047999999998,0.001051585860150147,0.0010515858593034917
2,20260925,3,754,random_removal,makespan_balance_repair,9,True,improved_current,,200241.47230475768,14339.877048702732,92.19739040717155,30,7,25785.314767617427,7009.228172401064,0.11928143903999998,0.6000562710579115,0.6008412686874429
2,20260925,4,755,random_removal,makespan_balance_repair,17,True,improved_current,,124866.72766809934,10182.960214963956,95.41908160076981,34,7,25785.314767617427,7009.228172401064,0.11904287616191998,1.0800450168463294,1.0806730149499544
2,20260925,5,756,random_removal,makespan_balance_repair,25,False,infeasible,,274982.45913633786,9358.605674379127,90.49106804776814,32,7,25785.314767617427,7009.228172401064,0.11880479040959614,0.8640360134770635,0.8645384119599635
2,20260925,6,757,random_removal,makespan_balance_repair,27,False,infeasible,,346581.61845094804,9619.18215423767,94.3385542240453,34,7,25785.314767617427,7009.228172401064,0.11856718082877694,0.6912288107816509,0.6916307295679709
2,20260925,7,758,random_removal,makespan_balance_repair,22,False,infeasible,,182717.5469271401,9209.731867267437,93.86277404611573,35,7,25785.314767617427,7009.228172401064,0.11833004646711939,0.5529830486253208,0.5533045836543767
2,20260925,8,759,legacy_neighbor,remove_reinsert,0,True,annealed,,124866.72766809934,10182.960214963956,95.41908160076981,34,7,25785.314767617427,7009.228172401064,0.11809338637418515,,
2,20260925,9,760,random_removal,makespan_balance_repair,10,False,infeasible,,214074.19133494148,9719.921860112818,98.3504999560688,37,7,25785.314767617427,7009.228172401064,0.11785719960143679,0.44238643890025664,0.44264366692350143
2,20260925,10,761,random_removal,makespan_balance_repair,28,False,infeasible,,139580.80426966582,9383.57554621181,95.98925921902881,34,7,25785.314767617427,7009.228172401064,0.11762148520223391,0.3539091511202053,0.3541149335388012
2,20260925,11,762,random_removal,makespan_balance_repair,22,False,infeasible,,198536.9538832321,9062.317005265551,92.05476434195872,34,7,25785.314767617427,7009.228172401064,0.11738624223182945,0.28312732089616427,0.283291946831041
2,20260925,12,763,random_removal,makespan_balance_repair,25,False,infeasible,,221039.80895103168,8935.03471383089,90.39984715333746,32,7,25785.314767617427,7009.228172401064,0.11715146974736579,0.22650185671693143,0.2266335574648328
2,20260925,13,764,random_removal,makespan_balance_repair,11,True,improved_current,,106722.26415318977,9395.414869282808,95.46832599780532,34,7,25785.314767617427,7009.228172401064,0.11691716680787105,0.7812014853735453,0.7813068459718664
2,20260925,14,765,random_removal,makespan_balance_repair,13,False,infeasible,,158761.24434419832,9375.969827018524,94.10894034279059,35,7,25785.314767617427,7009.228172401064,0.1166833324742553,0.6249611882988363,0.6250454767774931
2,20260925,15,766,random_removal,makespan_balance_repair,17,False,infeasible,,174589.6923866132,10034.025545686534,99.06832106365353,36,7,25785.314767617427,7009.228172401064,0.11644996580930679,0.49996895063906904,0.5000363814219945
2,20260925,16,767,random_removal,makespan_balance_repair,11,False,infeasible,,208645.7556308308,9863.358653897578,95.71905075289467,36,7,25785.314767617427,7009.228172401064,0.11621706587768818,0.39997516051125526,0.4000291051375956
2,20260925,17,768,random_removal,makespan_balance_repair,27,False,infeasible,,227619.0780067656,9912.144099586023,93.47873885498805,33,7,25785.314767617427,7009.228172401064,0.1159846317459328,0.31998012840900425,0.3200232841100765
2,20260925,18,769,random_removal,makespan_balance_repair,20,False,infeasible,,149727.1033523296,9134.875647800227,91.52590460220769,33,7,25785.314767617427,7009.228172401064,0.11575266248244094,0.2559841027272034,0.25601862728806124
2,20260925,19,770,legacy_neighbor,split,0,False,infeasible,,134086.80583799395,9786.017918315709,97.12101243999278,35,7,25785.314767617427,7009.228172401064,0.11552115715747606,,
2,20260925,20,771,random_removal,makespan_balance_repair,23,False,infeasible,,167195.47323917772,9420.175565708569,93.96012041606866,34,7,25785.314767617427,7009.228172401064,0.11529011484316111,0.20478728218176273,0.204814901830449
2,20260925,21,772,random_removal,makespan_balance_repair,27,False,infeasible,,220679.2487130152,9184.850481344827,88.45595891484274,32,7,25785.314767617427,7009.228172401064,0.11505953461347479,0.1638298257454102,0.16385192146435923
2,20260925,22,773,random_removal,makespan_balance_repair,18,False,infeasible,,154707.80843656464,9639.779716726385,99.54217701393401,36,7,25785.314767617427,7009.228172401064,0.11482941554424785,0.13106386059632816,0.13108153717148738
2,20260925,23,774,random_removal,makespan_balance_repair,16,False,infeasible,,121214.40946555429,9237.311033723678,98.76491695163645,36,7,25785.314767617427,7009.228172401064,0.11459975671315935,0.10485108847706254,0.10486522973718991
2,20260925,24,775,random_removal,makespan_balance_repair,17,False,infeasible,,135409.15857774226,9505.378345650608,92.86109329243268,33,7,25785.314767617427,7009.228172401064,0.11437055719973303,0.08388087078165003,0.08389218378975194
2,20260925,25,776,random_removal,makespan_balance_repair,10,False,infeasible,,201332.31034635846,8841.345484257423,88.88194786384904,32,7,25785.314767617427,7009.228172401064,0.11414181608533357,0.06710469662532002,0.06711374703180155
2,20260925,26,777,random_removal,makespan_balance_repair,27,False,infeasible,,311860.31681627425,9423.556398994018,93.26834301934808,34,7,25785.314767617427,7009.228172401064,0.1139135324531629,0.05368375730025602,0.053690997625441245
2,20260925,27,778,random_removal,makespan_balance_repair,16,False,infeasible,,447287.63684138376,9347.656483209645,88.41805357490252,32,7,25785.314767617427,7009.228172401064,0.11368570538825656,0.04294700584020482,0.042952798100353
2,20260925,28,779,random_removal,makespan_balance_repair,18,False,infeasible,,164000.8439347768,9108.93147633937,92.8176761601535,33,7,25785.314767617427,7009.228172401064,0.11345833397748005,0.03435760467216386,0.0343622384802824
2,20260925,29,780,random_removal,makespan_balance_repair,9,False,infeasible,,124767.08749935901,9863.358653897578,97.1187643810439,35,7,25785.314767617427,7009.228172401064,0.11323141730952509,0.02748608373773109,0.02748979078422592
2,20260925,30,781,legacy_neighbor,split,0,True,improved_current,,106002.26415318977,9528.470830553042,96.59207060400551,35,7,25785.314767617427,7009.228172401064,0.11300495447490604,,
2,20260925,31,782,random_removal,makespan_balance_repair,26,False,infeasible,,149110.5409393562,9814.289737351082,93.96350906835677,35,7,25785.314767617427,7009.228172401064,0.11277894456595622,0.021988866990184874,0.021991832627380737
2,20260925,32,783,random_removal,makespan_balance_repair,25,False,infeasible,,217618.7947196299,10369.855071446935,96.48657948377405,35,7,25785.314767617427,7009.228172401064,0.11255338667682431,0.0175910935921479,0.01759346610190459
2,20260925,33,784,random_removal,makespan_balance_repair,15,False,infeasible,,272098.0156533804,9481.666174287404,97.15832099870849,35,7,25785.314767617427,7009.228172401064,0.11232827990347066,0.014072874873718319,0.014074772881523673
2,20260925,34,785,random_removal,regret2_insertion,12,False,infeasible,,131428.94344991373,9205.40505958348,89.8571896515359,33,7,25785.314767617427,7009.228172401064,0.11210362334366372,0.011258299898974656,3.6925168990417035e-06
2,20260925,35,786,random_removal,makespan_balance_repair,25,False,infeasible,,279183.898336223,9350.95925585825,94.267504839045,35,7,25785.314767617427,7009.228172401064,0.1118794160969764,0.009006639919179726,0.011259818305218938
2,20260925,36,787,random_removal,makespan_balance_repair,24,False,infeasible,,198503.2479385008,9791.408095884903,95.28207254721754,34,7,25785.314767617427,7009.228172401064,0.11165565726478244,0.0072053119353437806,0.009007854644175152
2,20260925,37,788,random_removal,makespan_balance_repair,12,False,infeasible,,131003.8173444063,9695.279136073803,97.88619933242609,37,7,25785.314767617427,7009.228172401064,0.11143234595025288,0.005764249548275025,0.007206283715340121
2,20260925,38,789,random_removal,makespan_balance_repair,16,True,improved_current,,73606.81241123246,8727.504995976757,93.41714928885065,33,7,25785.314767617427,7009.228172401064,0.11120948125835237,0.6046113996386201,0.6057650269722722
2,20260925,39,790,random_removal,makespan_balance_repair,18,False,infeasible,,221985.19404557106,8621.724046060237,89.53884287916338,31,7,25785.314767617427,7009.228172401064,0.11098706229583566,0.4836891197108961,0.4846120215778178
2,20260925,40,791,random_removal,makespan_balance_repair,16,False,infeasible,,113251.31676535738,8988.372300725328,93.17600932356564,33,7,25785.314767617427,7009.228172401064,0.11076508817124399,0.3869512957687169,0.38768961726225426
2,20260925,41,792,legacy_neighbor,split,0,False,infeasible,,92137.45572204911,9142.331532628286,95.5291665706459,34,7,25785.314767617427,7009.228172401064,0.1105435579949015,,
2,20260925,42,793,random_removal,makespan_balance_repair,9,False,infeasible,,102866.54328511046,9126.48316713916,93.4028958242538,33,7,25785.314767617427,7009.228172401064,0.11032247087891169,0.30956103661497353,0.31015169380980345
2,20260925,43,794,random_removal,makespan_balance_repair,27,False,infeasible,,157777.15524982373,9322.080586028304,93.06925613439833,35,7,25785.314767617427,7009.228172401064,0.11010182593715385,0.24764882929197884,0.24812135504784277
2,20260925,44,795,random_removal,makespan_balance_repair,12,False,infeasible,,140105.10790779724,9493.14582416999,92.02520105989846,33,7,25785.314767617427,7009.228172401064,0.10988162228527955,0.1981190634335831,0.19849708403827424
2,20260925,45,796,random_removal,makespan_balance_repair,13,True,improved_current,,59471.27516981684,8308.617939438594,92.28034719447624,33,7,25785.314767617427,7009.228172401064,0.10966185904070899,0.7584952507468665,0.7587976672306195
2,20260925,46,797,random_removal,makespan_balance_repair,27,False,infeasible,,226559.54623566457,9257.355625427233,91.69337183199957,33,7,25785.314767617427,7009.228172401064,0.10944253532262757,0.6067962005974933,0.6070381337844957
2,20260925,47,798,random_removal,makespan_balance_repair,27,False,infeasible,,233196.71338917068,8608.857125398717,86.45599936330737,32,7,25785.314767617427,7009.228172401064,0.10922365025198232,0.4854369604779947,0.4856305070275966
2,20260925,48,799,random_removal,makespan_balance_repair,16,False,infeasible,,76140.69694305083,8807.763060736726,86.35905448236599,31,7,25785.314767617427,7009.228172401064,0.10900520295147835,0.38834956838239576,0.3885044056220773
2,20260925,49,800,random_removal,makespan_balance_repair,25,False,infeasible,,225824.09251996066,9111.807436544277,88.49638634080799,30,7,25785.314767617427,7009.228172401064,0.1087871925455754,0.31067965470591663,0.31080352449766185
2,20260925,50,801,random_removal,makespan_balance_repair,23,False,infeasible,,89690.8071834832,9086.898824816364,91.28945085550579,33,7,25785.314767617427,7009.228172401064,0.10856961816048424,0.24854372376473333,0.2486428195981295
2,20260925,51,802,random_removal,makespan_balance_repair,17,False,infeasible,,121213.85138056971,8997.915796361847,90.70246880037904,31,7,25785.314767617427,7009.228172401064,0.10835247892416328,0.19883497901178668,0.19891425567850363
2,20260925,52,803,legacy_neighbor,move_partial,0,True,annealed,,59471.27516981684,8308.617939438594,92.28034719447624,33,7,25785.314767617427,7009.228172401064,0.10813577396631495,,
2,20260925,53,804,random_removal,makespan_balance_repair,25,False,infeasible,,221666.95100394235,8690.000674111057,89.40019941979024,32,7,25785.314767617427,7009.228172401064,0.10791950241838232,0.15906798320942936,0.15913140454280292
2,20260925,54,805,random_removal,makespan_balance_repair,20,False,infeasible,,243578.94355489587,8205.311247910357,81.5204601135895,29,7,25785.314767617427,7009.228172401064,0.10770366341354555,0.12725438656754348,0.12730512363424235
2,20260925,55,806,random_removal,makespan_balance_repair,24,False,infeasible,,139899.55436271822,8472.015796726366,85.8158499257604,29,7,25785.314767617427,7009.228172401064,0.10748825608671846,0.1018035092540348,0.10184409890739388
2,20260925,56,807,random_removal,makespan_balance_repair,27,False,infeasible,,242167.19277385075,9487.801003056342,87.04835554269108,33,7,25785.314767617427,7009.228172401064,0.10727327957454502,0.08144280740322785,0.08147527912591511
2,20260925,57,808,random_removal,makespan_balance_repair,16,False,infeasible,,223177.6498078863,9501.435769643098,92.63929009683062,33,7,25785.314767617427,7009.228172401064,0.10705873301539594,0.06515424592258227,0.06518022330073209
2,20260925,58,809,random_removal,makespan_balance_repair,21,False,infeasible,,96019.05723735181,9149.93766668127,91.7920148591674,33,7,25785.314767617427,7009.228172401064,0.10684461554936514,0.05212339673806582,0.052144178640585674
2,20260925,59,810,random_removal,makespan_balance_repair,18,False,infeasible,,197565.49538961778,9025.282099672258,91.71550189093641,33,7,25785.314767617427,7009.228172401064,0.10663092631826641,0.04169871739045266,0.04171534291246854
2,20260925,60,811,random_removal,makespan_balance_repair,24,False,infeasible,,273104.91633317136,8766.70506157356,89.5597395858758,32,7,25785.314767617427,7009.228172401064,0.10641766446562988,0.03335897391236213,0.03337227432997483
2,20260925,61,812,random_removal,makespan_balance_repair,17,False,infeasible,,298417.4946323953,10189.43143965974,88.95018812020129,33,7,25785.314767617427,7009.228172401064,0.10620482913669861,0.026687179129889705,0.026697819463979866
2,20260925,62,813,random_removal,makespan_balance_repair,14,False,infeasible,,131999.75092073143,9318.266712484798,91.31088548588352,33,7,25785.314767617427,7009.228172401064,0.10599241947842522,0.021349743303911765,0.021358255571183895
2,20260925,63,814,legacy_neighbor,two_opt,0,True,improved_current,,57420.24650219399,8308.617939438594,92.25861619192092,33,7,25785.314767617427,7009.228172401064,0.10578043463946837,,
2,20260925,64,815,random_removal,makespan_balance_repair,16,False,infeasible,,76873.93975826775,9046.19201326375,87.77766717020751,31,7,25785.314767617427,7009.228172401064,0.10556887377018943,0.017079794643129413,0.017086604456947117
2,20260925,65,816,random_removal,makespan_balance_repair,14,False,infeasible,,102446.47450745228,9361.725188929779,91.09881989772481,32,7,25785.314767617427,7009.228172401064,0.10535773602264906,0.013663835714503532,0.013669283565557695
2,20260925,66,817,random_removal,makespan_balance_repair,11,False,infeasible,,74938.84523314187,8944.880223609161,91.63151864403943,33,7,25785.314767617427,7009.228172401064,0.10514702055060376,0.010931068571602826,0.010935426852446157
2,20260925,67,818,random_removal,makespan_balance_repair,26,False,infeasible,,196884.6166485737,9421.707760750256,90.86969020147707,32,7,25785.314767617427,7009.228172401064,0.10493672650950256,0.00874485485728226,0.008748341481956926
2,20260925,68,819,random_removal,makespan_balance_repair,15,False,infeasible,,130080.97478175942,9494.568732833324,92.14948243825648,32,7,25785.314767617427,7009.228172401064,0.10472685305648355,0.006995883885825809,0.006998673185565541
2,20260925,69,820,random_removal,makespan_balance_repair,19,False,infeasible,,129611.89015229286,9799.28968732806,92.25220557530545,33,7,25785.314767617427,7009.228172401064,0.10451739935037058,0.0055967071086606476,0.005598938548452433
2,20260925,70,821,random_removal,makespan_balance_repair,21,False,infeasible,,111131.26497259365,8669.239433040062,85.1728470753999,30,7,25785.314767617427,7009.228172401064,0.10430836455166984,0.004477365686928518,0.0044791508387619465
2,20260925,71,822,random_removal,makespan_balance_repair,9,False,infeasible,,155015.72475841388,8988.556552526477,90.08994471579466,32,7,25785.314767617427,7009.228172401064,0.1040997478225665,0.0035818925495428146,0.0035833206710095575
2,20260925,72,823,random_removal,makespan_balance_repair,28,False,infeasible,,181615.67643701474,9127.272086533863,86.49537055679313,30,7,25785.314767617427,7009.228172401064,0.10389154832692137,0.002865514039634252,0.002866656536807646
2,20260925,73,824,random_removal,makespan_balance_repair,16,False,infeasible,,238201.142190328,9578.093154328215,89.68790388875425,31,7,25785.314767617427,7009.228172401064,0.10368376523026752,0.002292411231707402,0.0022933252294461168
2,20260925,74,825,legacy_neighbor,swap_boxes,0,True,annealed,,57420.24650219399,8308.617939438594,92.25861619192092,33,7,25785.314767617427,7009.228172401064,0.10347639769980699,,
2,20260925,75,826,random_removal,makespan_balance_repair,18,False,infeasible,,192631.74574409676,9686.00883001654,94.93807337914859,33,7,25785.314767617427,7009.228172401064,0.10326944490440737,0.0018339289853659215,0.0018346601835568935
2,20260925,76,827,early_deadline_removal,makespan_balance_repair,14,False,infeasible,,59030.090757882,9542.551251449304,91.49187998745887,31,7,25785.314767617427,7009.228172401064,0.10306290601459855,0.0008412686881201176,0.0014677281468455149
2,20260925,77,828,random_removal,makespan_balance_repair,14,True,improved_current,,54119.192149146445,8720.0089363041,89.78654658440368,33,7,25785.314767617427,7009.228172401064,0.10285678020256936,0.6014671431882929,0.6011741825174765
2,20260925,78,829,random_removal,makespan_balance_repair,19,False,infeasible,,131073.48596046658,8846.219552193003,85.2132656355444,31,7,25785.314767617427,7009.228172401064,0.10265106664216422,0.4811737145506343,0.4809393460139812
2,20260925,79,830,random_removal,makespan_balance_repair,10,False,infeasible,,205789.01728756048,9221.286178275732,89.85445335380288,34,7,25785.314767617427,7009.228172401064,0.10244576450887989,0.38493897164050744,0.384751476811185
2,20260925,80,831,random_removal,makespan_balance_repair,22,False,infeasible,,140521.75305664208,9375.321344294553,89.39418386438795,32,7,25785.314767617427,7009.228172401064,0.10224087297986213,0.30795117731240595,0.307801181448948
2,20260925,81,832,random_removal,makespan_balance_repair,15,True,improved_current,,45692.6750790244,9074.273541920933,90.36627579364584,33,7,25785.314767617427,7009.228172401064,0.1020363912339024,0.8463609418499248,0.8462409451591585
2,20260925,82,833,random_removal,makespan_balance_repair,27,False,infeasible,,93962.44828285174,8988.6468501379,85.99827299911678,29,7,25785.314767617427,7009.228172401064,0.1018323184514346,0.6770887534799399,0.6769927561273268
2,20260925,83,834,random_removal,makespan_balance_repair,24,False,infeasible,,174283.4275325066,9672.77204582207,89.60060249803864,31,7,25785.314767617427,7009.228172401064,0.10162865381453173,0.541671002783952,0.5415942049018615
2,20260925,84,835,random_removal,makespan_balance_repair,14,False,infeasible,,57693.21833555256,8901.9129570235,87.23720230548882,31,7,25785.314767617427,7009.228172401064,0.10142539650690267,0.4333368022271616,0.43327536392148924
2,20260925,85,836,legacy_neighbor,change_model,0,True,improved_current,,31003.15312082342,9016.038667759316,89.83406096600123,33,7,25785.314767617427,7009.228172401064,0.10122254571388886,,
2,20260925,86,837,random_removal,makespan_balance_repair,28,False,infeasible,,279165.91204425506,8211.286038408089,80.17393565215089,29,7,25785.314767617427,7009.228172401064,0.10102010062246108,0.3466694417817293,0.3466202911371914
2,20260925,87,838,random_removal,makespan_balance_repair,14,False,infeasible,,127779.85054848621,8968.067486206834,87.82876088404474,33,7,25785.314767617427,7009.228172401064,0.10081806042121616,0.27733555342538346,0.27729623290975314
2,20260925,88,839,random_removal,makespan_balance_repair,21,False,infeasible,,82960.64923322092,9046.031527723555,87.79176853598986,32,7,25785.314767617427,7009.228172401064,0.10061642430037372,0.2218684427403068,0.22183698632780252
2,20260925,89,840,random_removal,makespan_balance_repair,28,False,infeasible,,253514.8667442808,9012.034465672758,85.49118663276478,30,7,25785.314767617427,7009.228172401064,0.10041519145177298,0.17749475419224545,0.17746958906224203
2,20260925,90,841,random_removal,makespan_balance_repair,22,False,infeasible,,457325.826899979,9918.705251785519,95.03271100432714,34,7,25785.314767617427,7009.228172401064,0.10021436106886944,0.14199580335379636,0.14197567124979363
2,20260925,91,842,random_removal,makespan_balance_repair,12,False,infeasible,,173159.9238724035,9583.302981388895,87.78326918987209,32,7,25785.314767617427,7009.228172401064,0.1000139323467317,0.1135966426830371,0.1135805369998349
2,20260925,92,843,random_removal,makespan_balance_repair,26,False,infeasible,,192354.91633565517,9136.084413772427,88.341309017451,30,7,25785.314767617427,7009.228172401064,0.09981390448203824,0.09087731414642969,0.09086442959986793
2,20260925,93,844,random_removal,makespan_balance_repair,23,False,infeasible,,146693.2841779779,9146.157918197052,86.63075330849117,31,7,25785.314767617427,7009.228172401064,0.09961427667307417,0.07270185131714375,0.07269154367989435
2,20260925,94,845,random_removal,makespan_balance_repair,15,False,infeasible,,133179.9110571597,8574.161406333209,87.2803121744971,31,7,25785.314767617427,7009.228172401064,0.09941504811972803,0.058161481053715006,0.05815323494391548
2,20260925,95,846,random_removal,makespan_balance_repair,26,False,infeasible,,237671.5537722633,8934.406132185517,81.3122411958938,30,7,25785.314767617427,7009.228172401064,0.09921621802348857,0.046529184842972006,0.04652258795513239
2,20260925,96,847,legacy_neighbor,two_opt,0,True,annealed,,31003.15312082342,9016.038667759316,89.92063722739124,33,7,25785.314767617427,7009.228172401064,0.09901778558744159,,
2,20260925,97,848,random_removal,makespan_balance_repair,19,False,infeasible,,65971.50452496836,9163.464604123132,88.79861250970053,32,7,25785.314767617427,7009.228172401064,0.09881975001626671,0.03722334787437761,0.03721807036410591
2,20260925,98,849,random_removal,makespan_balance_repair,20,False,infeasible,,127998.5284487039,9411.76044258828,87.59145042758283,30,7,25785.314767617427,7009.228172401064,0.09862211051623418,0.02977867829950209,0.02977445629128473
2,20260925,99,850,random_removal,makespan_balance_repair,19,False,infeasible,,295283.55095322145,8175.423766910132,84.67451667157715,30,7,25785.314767617427,7009.228172401064,0.09842486629520171,0.023822942639601673,0.023819565033027786
2,20260925,100,851,random_removal,makespan_balance_repair,22,False,infeasible,,94135.12505241617,9017.362605969112,86.56352044342978,31,7,25785.314767617427,7009.228172401064,0.0982280165626113,0.01905835411168134,0.019055652026422232
2,20260925,101,852,random_removal,makespan_balance_repair,17,True,pareto,,12979.79583662432,8864.068273051147,87.11225917880914,32,7,12979.79583662432,7009.228172401064,0.09803156052948608,1.2152466832893452,1.215244521621138
2,20260925,102,853,random_removal,makespan_balance_repair,23,False,infeasible,,262815.18155854376,9010.01688583567,87.89518630544214,32,7,12979.79583662432,7009.228172401064,0.0978354974084271,0.9721973466314762,0.9721956172969105
2,20260925,103,854,random_removal,makespan_balance_repair,28,False,infeasible,,97571.36748508515,8595.144752558277,83.40642073490808,29,7,12979.79583662432,7009.228172401064,0.09763982641361026,0.777757877305181,0.7777564938375284
2,20260925,104,855,random_removal,makespan_balance_repair,20,False,infeasible,,37299.051907824374,8719.230926157348,87.08315698640502,31,7,12979.79583662432,7009.228172401064,0.09744454676078304,0.6222063018441448,0.6222051950700228
2,20260925,105,856,random_removal,makespan_balance_repair,20,False,infeasible,,100564.03021747529,8597.503373726004,84.6416988915565,30,7,12979.79583662432,7009.228172401064,0.09724965766726147,0.49776504147531586,0.49776415605601826
2,20260925,106,857,random_removal,makespan_balance_repair,22,False,infeasible,,198056.49283791482,9185.72892005326,87.67294002499219,31,7,12979.79583662432,7009.228172401064,0.09705515835192695,0.3982120331802527,0.39821132484481464
2,20260925,107,858,legacy_neighbor,move_partial,0,True,annealed,,12979.79583662432,8864.068273051147,87.11225917880914,32,7,12979.79583662432,7009.228172401064,0.0968610480352231,,
2,20260925,108,859,random_removal,makespan_balance_repair,9,False,infeasible,,58306.1944265873,8588.243846269374,87.64348208582119,32,7,12979.79583662432,7009.228172401064,0.09666732593915264,0.3185696265442022,0.3185690598758517
2,20260925,109,860,random_removal,makespan_balance_repair,22,False,infeasible,,147921.52523598316,9576.487545285434,87.95416247373765,32,7,12979.79583662432,7009.228172401064,0.09647399128727434,0.2548557012353618,0.25485524790068137
2,20260925,110,861,random_removal,makespan_balance_repair,28,False,infeasible,,169720.26117164872,8864.353744795675,82.13742694395592,29,7,12979.79583662432,7009.228172401064,0.09628104330469979,0.20388456098828944,0.2038841983205451
2,20260925,111,862,random_removal,makespan_balance_repair,9,True,pareto,,15286.872847159042,8443.039506757295,84.54614367094938,30,8,12979.79583662432,7009.228172401064,0.0960884812180904,1.3631076487906317,1.3631073586564364
2,20260925,112,863,random_removal,makespan_balance_repair,18,False,infeasible,,76186.59295572789,8443.039506757295,84.58090661882716,31,8,12979.79583662432,7009.228172401064,0.09589630425565422,1.0904861190325055,1.0904858869251493
2,20260925,113,864,random_removal,makespan_balance_repair,13,False,infeasible,,76861.55944723367,8703.038099432884,86.03931119561094,30,8,12979.79583662432,7009.228172401064,0.09570451164714291,0.8723888952260044,0.8723887095401195
2,20260925,114,865,random_removal,makespan_balance_repair,25,False,infeasible,,270314.4883842967,8719.52098323993,85.21666409455419,30,8,12979.79583662432,7009.228172401064,0.09551310262384863,0.6979111161808036,0.6979109676320956
2,20260925,115,866,random_removal,makespan_balance_repair,20,False,infeasible,,110587.55483628821,8745.992425624729,84.16588782057372,31,8,12979.79583662432,7009.228172401064,0.09532207641860094,0.5583288929446429,0.5583287741056765
2,20260925,116,867,random_removal,makespan_balance_repair,13,False,infeasible,,116848.89237230309,8864.068273051147,85.86902337121268,31,8,12979.79583662432,7009.228172401064,0.09513143226576373,0.4466631143557144,0.4466630192845412
2,20260925,117,868,random_removal,makespan_balance_repair,24,False,infeasible,,114670.07011862267,8453.43786290745,84.65516451322485,30,8,12979.79583662432,7009.228172401064,0.0949411694012322,0.3573304914845715,0.357330415427633
2,20260925,118,869,legacy_neighbor,move_partial,0,True,annealed,,15286.872847159042,8443.039506757295,84.54614367094938,30,8,12979.79583662432,7009.228172401064,0.09475128706242975,,
2,20260925,119,870,random_removal,makespan_balance_repair,12,False,infeasible,,43143.216155792914,8549.993421281966,85.49759276370118,32,8,12979.79583662432,7009.228172401064,0.09456178448830489,0.2858643931876572,0.2858643323421064
2,20260925,120,871,random_removal,makespan_balance_repair,20,False,infeasible,,94974.22170250818,8682.651277737175,84.10357258802117,31,8,12979.79583662432,7009.228172401064,0.09437266091932828,0.2286915145501258,0.22869146587368513
2,20260925,121,872,random_removal,makespan_balance_repair,12,False,infeasible,,45901.37185730493,9052.824651552093,87.58784483726872,32,8,12979.79583662432,7009.228172401064,0.09418391559748962,0.18295321164010064,0.18295317269894812
2,20260925,122,873,random_removal,makespan_balance_repair,27,False,infeasible,,335657.0567220243,9343.275526679203,87.08331535170274,31,8,12979.79583662432,7009.228172401064,0.09399554776629464,0.14636256931208053,0.1463625381591585
2,20260925,123,874,random_removal,makespan_balance_repair,16,False,infeasible,,92617.67557098992,8104.887164612597,83.79461580069876,30,8,12979.79583662432,7009.228172401064,0.09380755667076204,0.11709005544966443,0.1170900305273268
2,20260925,124,875,random_removal,makespan_balance_repair,18,False,infeasible,,143664.46796655614,8636.894168427567,83.82376561061137,32,8,12979.79583662432,7009.228172401064,0.09361994155742052,0.09367204435973155,0.09367202442186146
2,20260925,125,876,random_removal,makespan_balance_repair,21,False,infeasible,,47706.452051880886,8231.275093622198,84.82072616055929,30,8,12979.79583662432,7009.228172401064,0.09343270167430569,0.07493763548778525,0.07493761953748916
2,20260925,126,877,random_removal,makespan_balance_repair,15,False,infeasible,,47440.46512564517,8486.912921745354,86.30072998505628,31,8,12979.79583662432,7009.228172401064,0.09324583627095707,0.0599501083902282,0.05995009562999133
2,20260925,127,878,random_removal,makespan_balance_repair,25,False,infeasible,,158218.50561062736,9264.597041490184,86.62334893160158,30,8,12979.79583662432,7009.228172401064,0.09305934459841517,0.04796008671218256,0.04796007650399307
2,20260925,128,879,random_removal,makespan_balance_repair,22,False,infeasible,,292105.59362918686,9476.073881563925,90.77052435063983,32,8,12979.79583662432,7009.228172401064,0.09287322590921834,0.03836806936974605,0.038368061203194456
2,20260925,129,880,legacy_neighbor,change_model,0,True,pareto,,15286.872847159042,8231.275093622198,84.16348178792536,30,8,12979.79583662432,7009.228172401064,0.09268747945739991,,
2,20260925,130,881,random_removal,makespan_balance_repair,9,True,pareto,,26892.22314443218,7973.774024834551,85.72936073726471,31,8,12979.79583662432,7009.228172401064,0.09250210449848512,1.230694455495797,1.2306944489625558
2,20260925,131,882,random_removal,makespan_balance_repair,26,False,infeasible,,221619.16360948695,8737.04755143356,84.47322614265975,29,8,12979.79583662432,7009.228172401064,0.09231710028948814,0.9845555643966377,0.9845555591700447
2,20260925,132,883,random_removal,makespan_balance_repair,28,False,infeasible,,88482.8065765422,8457.953021098485,84.52265977010313,29,8,12979.79583662432,7009.228172401064,0.09213246608890917,0.7876444515173102,0.7876444473360358
2,20260925,133,884,random_removal,makespan_balance_repair,23,False,infeasible,,319830.68785003916,7973.862987653334,83.29997937803486,29,8,12979.79583662432,7009.228172401064,0.09194820115673134,0.6301155612138483,0.6301155578688287
2,20260925,134,885,random_removal,makespan_balance_repair,23,False,infeasible,,50724.88005808768,8243.25930460847,85.6526742176645,31,8,12979.79583662432,7009.228172401064,0.09176430475441788,0.5040924489710786,0.504092446295063
2,20260925,135,886,random_removal,makespan_balance_repair,17,False,infeasible,,138914.28608891886,8372.04379089922,86.17669896375394,31,8,12979.79583662432,7009.228172401064,0.09158077614490905,0.40327395917686293,0.4032739570360504
2,20260925,136,887,random_removal,makespan_balance_repair,16,False,infeasible,,104000.09824001715,8741.93534741977,86.29600999164035,31,8,12979.79583662432,7009.228172401064,0.09139761459261923,0.3226191673414904,0.32261916562884035
2,20260925,137,888,random_removal,makespan_balance_repair,27,False,infeasible,,156350.77524667743,8713.983672012433,85.4165583183058,29,8,12979.79583662432,7009.228172401064,0.091214819363434,0.25809533387319233,0.2580953325030723
2,20260925,138,889,random_removal,makespan_balance_repair,16,False,infeasible,,211021.40128141554,8866.44033019134,89.9829047427724,32,8,12979.79583662432,7009.228172401064,0.09103238972470712,0.20647626709855388,0.20647626600245786
2,20260925,139,890,random_removal,makespan_balance_repair,18,False,infeasible,,202568.66960219643,8620.95411804835,84.17499219039193,31,8,12979.79583662432,7009.228172401064,0.0908503249452577,0.1651810136788431,0.1651810128019663
2,20260925,140,891,legacy_neighbor,relocate_box,0,True,annealed,,26892.22314443218,7973.774024834551,85.72936073726471,31,8,12979.79583662432,7009.228172401064,0.09066862429536719,,
2,20260925,141,892,random_removal,makespan_balance_repair,23,False,infeasible,,16158.756118808633,8044.54899726201,83.86340687938838,30,8,12979.79583662432,7009.228172401064,0.09048728704677646,0.13214481094307448,0.13214481024157304
2,20260925,142,893,random_removal,makespan_balance_repair,24,False,infeasible,,284243.99884050095,9631.641726911934,88.57054482582531,32,8,12979.79583662432,7009.228172401064,0.0903063124726829,0.1057158487544596,0.10571584819325844
2,20260925,143,894,random_removal,makespan_balance_repair,12,False,infeasible,,113598.52745869852,8602.057127556844,85.38479366986799,31,8,12979.79583662432,7009.228172401064,0.09012569984773754,0.08457267900356769,0.08457267855460676
2,20260925,144,895,random_removal,makespan_balance_repair,13,False,infeasible,,121689.40506531006,8602.057127556844,84.52880417857789,31,8,12979.79583662432,7009.228172401064,0.08994544844804206,0.06765814320285415,0.06765814284368542
2,20260925,145,896,random_removal,makespan_balance_repair,20,False,infeasible,,31066.79381200547,8150.738949305285,83.1206019723675,30,8,12979.79583662432,7009.228172401064,0.08976555755114597,0.054126514562283325,0.054126514274948336
2,20260925,146,897,early_deadline_removal,makespan_balance_repair,22,False,infeasible,,56257.28199384826,8796.426452700822,84.3946193238765,28,8,12979.79583662432,7009.228172401064,0.08958602643604369,0.0006730149504960941,0.04330121141995867
2,20260925,147,898,random_removal,makespan_balance_repair,25,False,infeasible,,170767.97136689938,8552.91680105518,87.34403987541668,29,8,12979.79583662432,7009.228172401064,0.0894068543831716,0.043301211649826664,0.03464096913596694
2,20260925,148,899,random_removal,makespan_balance_repair,17,False,infeasible,,130528.8612115644,8587.197275341923,85.6479892851944,31,8,12979.79583662432,7009.228172401064,0.08922804067440526,0.03464096931986133,0.027712775308773554
2,20260925,149,900,random_removal,makespan_balance_repair,23,False,infeasible,,129487.47006929509,8167.0551818011145,84.65400884349866,30,8,12979.79583662432,7009.228172401064,0.08904958459305645,0.027712775455889068,0.022170220247018844
2,20260925,150,901,random_removal,makespan_balance_repair,9,False,infeasible,,102937.897199149,8529.267904652215,85.54803236057016,31,8,12979.79583662432,7009.228172401064,0.08887148542387034,0.022170220364711255,0.017736176197615076
2,20260925,151,902,legacy_neighbor,move_partial,0,False,infeasible,,38490.065538113166,8826.313869596937,87.45669621476912,31,8,12979.79583662432,7009.228172401064,0.0886937424530226,,
2,20260925,152,903,early_deadline_removal,makespan_balance_repair,20,False,infeasible,,50807.53400998016,7972.181157992499,81.48847167335806,27,8,12979.79583662432,7009.228172401064,0.08851635496811655,0.0005384119603968753,0.014188940958092061
2,20260925,153,904,random_removal,makespan_balance_repair,22,False,infeasible,,324668.9502561852,8308.44111094899,84.194028013822,30,8,12979.79583662432,7009.228172401064,0.08833932225818032,0.017736176291769004,0.01135115276647365
2,20260925,154,905,random_removal,makespan_balance_repair,24,True,pareto,,26913.435117307952,7959.237880517636,83.71792539525693,31,9,12979.79583662432,7009.228172401064,0.08816264361366397,1.2141889410334155,1.209080922213179
2,20260925,155,906,random_removal,makespan_balance_repair,18,False,infeasible,,132153.75917661164,8512.4742644084,82.90845542751458,29,9,12979.79583662432,7009.228172401064,0.08798631832643664,0.9713511528267325,0.9672647377705433
2,20260925,156,907,random_removal,makespan_balance_repair,14,False,infeasible,,35742.81665872113,8695.459498013706,83.84978706141713,30,9,12979.79583662432,7009.228172401064,0.08781034568978376,0.777080922261386,0.7738117902164348
2,20260925,157,908,random_removal,makespan_balance_repair,25,False,infeasible,,170853.88210385575,7603.023323710735,81.82739199512412,29,9,12979.79583662432,7009.228172401064,0.08763472499840419,0.6216647378091089,0.6190494321731479
2,20260925,158,909,random_removal,makespan_balance_repair,9,False,infeasible,,30478.496216145202,7963.579424335881,83.70442409870464,31,9,12979.79583662432,7009.228172401064,0.08745945554840738,0.49733179024728713,0.49523954573851836
2,20260925,159,910,random_removal,makespan_balance_repair,26,False,infeasible,,116572.46849135398,8272.821600512236,82.79405650029994,31,9,12979.79583662432,7009.228172401064,0.08728453663731056,0.3978654321978297,0.3961916365908147
2,20260925,160,911,random_removal,makespan_balance_repair,13,False,infeasible,,68427.15391225775,8677.24422678136,83.7016178769105,31,9,12979.79583662432,7009.228172401064,0.08710996756403594,0.3182923457582638,0.31695330927265175
2,20260925,161,912,random_removal,makespan_balance_repair,26,False,infeasible,,188507.88147635618,8408.561928203979,83.61105411622738,27,9,12979.79583662432,7009.228172401064,0.08693574762890786,0.2546338766066111,0.2535626474181214
2,20260925,162,913,legacy_neighbor,move_partial,0,True,annealed,,26913.435117307952,7959.237880517636,83.97869628909392,31,9,12979.79583662432,7009.228172401064,0.08676187613365005,,
2,20260925,163,914,random_removal,makespan_balance_repair,25,True,improved_current,,16469.215733631325,8321.160251542853,82.28655622078858,29,9,12979.79583662432,7009.228172401064,0.08658835238138275,0.803707101285289,0.8028501179344972
2,20260925,164,915,random_removal,makespan_balance_repair,10,False,infeasible,,41227.515751827865,8326.10059595269,83.20609750951648,29,9,12979.79583662432,7009.228172401064,0.08641517567661999,0.6429656810282313,0.6422800943475978
2,20260925,165,916,random_removal,makespan_balance_repair,28,False,infeasible,,117344.35473025411,8294.220630128359,81.77244423278206,29,9,12979.79583662432,7009.228172401064,0.08624234532526676,0.514372544822585,0.5138240754780783
2,20260925,166,917,random_removal,makespan_balance_repair,9,False,infeasible,,18845.215733631325,8321.160251542853,82.12410281591771,29,9,12979.79583662432,7009.228172401064,0.08606986063461622,0.411498035858068,0.41105926038246265
2,20260925,167,918,random_removal,makespan_balance_repair,14,False,infeasible,,39861.413381324746,8807.580940556292,81.72081402004709,28,9,12979.79583662432,7009.228172401064,0.08589772091334699,0.32919842868645444,0.32884740830597015
2,20260925,168,919,random_removal,makespan_balance_repair,17,False,infeasible,,31610.76321570122,8468.16335954749,82.80998246646337,28,9,12979.79583662432,7009.228172401064,0.0857259254715203,0.26335874294916356,0.26307792664477614
2,20260925,169,920,random_removal,makespan_balance_repair,16,False,infeasible,,38964.138037298944,8931.379949486627,83.25532281188299,29,9,12979.79583662432,7009.228172401064,0.08555447362057726,0.21068699435933086,0.21046234131582092
2,20260925,170,921,random_removal,makespan_balance_repair,20,False,infeasible,,194952.92003473197,8538.721531730625,83.85909063197754,29,9,12979.79583662432,7009.228172401064,0.08538336467333611,0.1685495954874647,0.16836987305265674
2,20260925,171,922,random_removal,makespan_balance_repair,15,False,infeasible,,192197.43765275704,8482.90808708801,82.80402059059523,29,9,12979.79583662432,7009.228172401064,0.08521259794398944,0.13483967638997177,0.1346958984421254
2,20260925,172,923,random_removal,makespan_balance_repair,28,False,infeasible,,38711.6998547638,9243.645560756438,87.7509725267,30,9,12979.79583662432,7009.228172401064,0.08504217274810147,0.10787174111197742,0.10775671875370033
2,20260925,173,924,legacy_neighbor,move_partial,0,True,annealed,,16469.215733631325,8321.160251542853,82.28655622078858,29,9,12979.79583662432,7009.228172401064,0.08487208840260527,,
2,20260925,174,925,random_removal,makespan_balance_repair,13,False,infeasible,,39527.615276199365,8326.10059595269,83.23518030884301,29,9,12979.79583662432,7009.228172401064,0.08470234422580006,0.08629739288958194,0.08620537500296027
2,20260925,175,926,random_removal,makespan_balance_repair,16,False,infeasible,,76268.27951944825,8420.120017017793,83.22095034969784,29,9,12979.79583662432,7009.228172401064,0.08453293953734846,0.06903791431166555,0.06896430000236822
2,20260925,176,927,random_removal,makespan_balance_repair,20,False,infeasible,,170690.93056503215,8212.22410250683,80.94799467824559,28,9,12979.79583662432,7009.228172401064,0.08436387365827376,0.05523033144933244,0.055171440001894584
2,20260925,177,928,random_removal,makespan_balance_repair,22,False,infeasible,,46270.17624271289,8321.160251542853,82.910433530639,29,9,12979.79583662432,7009.228172401064,0.08419514591095721,0.044184265159465955,0.04413715200151567
2,20260925,178,929,random_removal,makespan_balance_repair,28,False,infeasible,,120829.41117466181,8077.843082431135,82.93844786373144,29,9,12979.79583662432,7009.228172401064,0.0840267556191353,0.035347412127572767,0.03530972160121253
2,20260925,179,930,random_removal,makespan_balance_repair,19,True,pareto,,2177.090023785042,8611.902226494129,84.2370463504675,29,9,2177.090023785042,7009.228172401064,0.08385870210789702,1.2282779297020583,1.2282477772809701
2,20260925,180,931,random_removal,makespan_balance_repair,17,False,infeasible,,38851.701222710115,8712.63770398099,83.7155876271764,28,9,2177.090023785042,7009.228172401064,0.08369098470368122,0.9826223437616467,0.9825982218247762
2,20260925,181,932,random_removal,makespan_balance_repair,11,False,infeasible,,83448.9769116276,8472.065266088097,82.05541372120817,29,9,2177.090023785042,7009.228172401064,0.08352360273427385,0.7860978750093174,0.786078577459821
2,20260925,182,933,random_removal,makespan_balance_repair,12,False,infeasible,,37375.88726700064,8516.221753321492,84.3376671577588,29,9,2177.090023785042,7009.228172401064,0.0833565555288053,0.6288783000074539,0.6288628619678569
2,20260925,183,934,random_removal,makespan_balance_repair,14,False,infeasible,,77652.00998674182,8710.5105008891,83.984450906317,29,9,2177.090023785042,7009.228172401064,0.0831898424177477,0.5031026400059632,0.5030902895742856
2,20260925,184,935,legacy_neighbor,reorder,0,True,annealed,,2177.090023785042,8611.902226494129,84.2370463504675,29,9,2177.090023785042,7009.228172401064,0.0830234627329122,,
2,20260925,185,936,random_removal,makespan_balance_repair,21,False,infeasible,,49315.67396256491,8123.981740814442,85.27802560471599,28,9,2177.090023785042,7009.228172401064,0.08285741580744638,0.4024821120047706,0.40247223165942847
2,20260925,186,937,random_removal,makespan_balance_repair,23,False,infeasible,,157139.3487743917,8447.625104198618,85.27726315813361,30,9,2177.090023785042,7009.228172401064,0.08269170097583148,0.32198568960381646,0.3219777853275428
2,20260925,187,938,random_removal,makespan_balance_repair,22,False,infeasible,,68215.21368499426,8556.040275333291,84.97899797835036,29,9,2177.090023785042,7009.228172401064,0.08252631757387982,0.25758855168305317,0.25758222826203425
2,20260925,188,939,random_removal,makespan_balance_repair,21,False,infeasible,,78377.15822909186,8548.400121464438,84.8904217565009,28,9,2177.090023785042,7009.228172401064,0.08236126493873205,0.20607084134644255,0.2060657826096274
2,20260925,189,940,random_removal,makespan_balance_repair,12,True,pareto,,2177.090023785042,8076.352745545878,83.53938310337003,29,8,2177.090023785042,7009.228172401064,0.08219654240885459,1.3648566730771543,1.364852626087702
2,20260925,190,941,random_removal,makespan_balance_repair,24,False,infeasible,,147618.4731330142,8641.845314539138,82.1569952471418,29,8,2177.090023785042,7009.228172401064,0.08203214932403688,1.0918853384617235,1.0918821008701618
2,20260925,191,942,random_removal,makespan_balance_repair,26,False,infeasible,,80662.2560173245,8413.734971366912,83.18753879622473,29,8,2177.090023785042,7009.228172401064,0.08186808502538881,0.8735082707693789,0.8735056806961294
2,20260925,192,943,random_removal,makespan_balance_repair,16,False,infeasible,,85525.74185447682,7991.702092987941,82.70656156818688,29,8,2177.090023785042,7009.228172401064,0.08170434885533803,0.6988066166155031,0.6988045445569036
2,20260925,193,944,random_removal,makespan_balance_repair,28,False,infeasible,,174328.96069125953,9171.065708729695,85.49778493706889,29,8,2177.090023785042,7009.228172401064,0.08154094015762736,0.5590452932924025,0.5590436356455228
2,20260925,194,945,random_removal,makespan_balance_repair,15,False,infeasible,,15718.180370107273,8539.262410057141,85.47736145094856,30,8,2177.090023785042,7009.228172401064,0.0813778582773121,0.44723623463392204,0.4472349085164183
2,20260925,195,946,legacy_neighbor,merge,0,True,annealed,,2177.090023785042,8076.352745545878,83.53938310337003,29,8,2177.090023785042,7009.228172401064,0.08121510256075748,,
2,20260925,196,947,random_removal,makespan_balance_repair,27,False,infeasible,,140233.86162090584,8599.803360026443,82.50454296714787,28,8,2177.090023785042,7009.228172401064,0.08105267235563597,0.35778898770713763,0.35778792681313465
2,20260925,197,948,random_removal,makespan_balance_repair,19,False,infeasible,,85052.32046848573,9038.304925087066,84.15190999269416,29,8,2177.090023785042,7009.228172401064,0.0808905670109247,0.28623119016571014,0.28623034145050774
2,20260925,198,949,random_removal,makespan_balance_repair,28,False,infeasible,,243022.6241041898,8744.961126142103,85.92033408725354,29,8,2177.090023785042,7009.228172401064,0.08072878587690285,0.22898495213256811,0.2289842731604062
2,20260925,199,950,random_removal,makespan_balance_repair,21,False,infeasible,,110062.52275746853,8037.75008882695,82.54615935186509,29,8,2177.090023785042,7009.228172401064,0.08056732830514905,0.1831879617060545,0.18318741852832499
2,20260925,200,951,random_removal,makespan_balance_repair,28,False,infeasible,,78340.73496522661,8430.075131137233,84.16453959782652,30,8,2177.090023785042,7009.228172401064,0.08040619364853875,0.1465503693648436,0.14654993482266
2,20260925,201,952,random_removal,makespan_balance_repair,18,False,infeasible,,59211.77179084197,8176.953934633029,83.20313964612882,29,8,2177.090023785042,7009.228172401064,0.08024538126124167,0.1172402954918749,0.117239947858128
2,20260925,202,953,random_removal,makespan_balance_repair,23,False,infeasible,,113123.08798512249,7987.423308929512,83.49990829047007,29,8,2177.090023785042,7009.228172401064,0.08008489049871918,0.09379223639349993,0.0937919582865024
2,20260925,203,954,random_removal,makespan_balance_repair,10,False,infeasible,,66966.97174691399,8442.307967413046,84.27705396773405,30,8,2177.090023785042,7009.228172401064,0.07992472071772175,0.07503378911479995,0.07503356662920192
2,20260925,204,955,random_removal,makespan_balance_repair,25,False,infeasible,,238330.831623952,9370.95119119793,85.48894837944138,29,8,2177.090023785042,7009.228172401064,0.0797648712762863,0.06002703129183996,0.06002685330336154
2,20260925,205,956,random_removal,makespan_balance_repair,22,False,infeasible,,246697.269244074,8391.262195194868,82.91604637191847,28,8,2177.090023785042,7009.228172401064,0.07960534153373373,0.048021625033471974,0.04802148264268924
2,20260925,206,957,legacy_neighbor,remove_reinsert,0,True,pareto,,2177.090023785042,8076.352745545878,83.45781859313846,29,8,2177.090023785042,7009.228172401064,0.07944613085066626,,
2,20260925,207,958,random_removal,makespan_balance_repair,28,False,infeasible,,276589.1354292487,8778.429677251781,87.53432653096819,30,8,2177.090023785042,7009.228172401064,0.07928723858896493,0.03841730002677758,0.038417186114151396
2,20260925,208,959,random_removal,makespan_balance_repair,17,True,annealed,,2177.090023785042,8076.352745545878,83.64003578707316,29,8,2177.090023785042,7009.228172401064,0.079128664111787,0.23073384002142208,0.23073374889132114
2,20260925,209,960,random_removal,makespan_balance_repair,20,False,infeasible,,121626.32172320776,8603.61051471715,84.32917522823504,29,8,2177.090023785042,7009.228172401064,0.07897040678356343,0.18458707201713767,0.18458699911305693
2,20260925,210,961,random_removal,makespan_balance_repair,15,False,infeasible,,149237.92261294206,8856.081665096495,85.35404994451186,30,8,2177.090023785042,7009.228172401064,0.0788124659699963,0.14766965761371015,0.14766959929044554
2,20260925,211,962,random_removal,makespan_balance_repair,27,False,infeasible,,68923.99653299045,8555.725038168213,82.54945117310638,28,8,2177.090023785042,7009.228172401064,0.07865484103805631,0.11813572609096812,0.11813567943235644
2,20260925,212,963,random_removal,makespan_balance_repair,24,False,infeasible,,196255.01355247712,8687.055486103014,81.00787680193065,28,8,2177.090023785042,7009.228172401064,0.0784975313559802,0.0945085808727745,0.09450854354588516
2,20260925,213,964,random_removal,makespan_balance_repair,11,False,infeasible,,120087.67644514886,8690.024569663356,83.8094892266103,29,8,2177.090023785042,7009.228172401064,0.07834053629326825,0.0756068646982196,0.07560683483670813
2,20260925,214,965,random_removal,makespan_balance_repair,16,False,infeasible,,114379.77848590791,8698.159402445192,84.89559832746916,29,8,2177.090023785042,7009.228172401064,0.0781838552206817,0.060485491758575684,0.06048546786936651
2,20260925,215,966,random_removal,makespan_balance_repair,19,False,infeasible,,91970.8017965541,7974.841205705168,82.68204442256202,29,8,2177.090023785042,7009.228172401064,0.07802748751024034,0.04838839340686055,0.04838837429549321
2,20260925,216,967,random_removal,makespan_balance_repair,15,False,infeasible,,52470.62130603015,9171.146199045179,84.55183347795159,29,8,2177.090023785042,7009.228172401064,0.07787143253521986,0.03871071472548844,0.038710699436394574
2,20260925,217,968,legacy_neighbor,remove_reinsert,0,True,annealed,,2177.090023785042,8076.352745545878,83.68885421484393,29,8,2177.090023785042,7009.228172401064,0.07771568967014941,,
2,20260925,218,969,random_removal,makespan_balance_repair,28,False,infeasible,,66033.1380674764,8476.979469520526,83.13466780220321,29,8,2177.090023785042,7009.228172401064,0.07756025829080912,0.030968571780390752,0.030968559549115662
2,20260925,219,970,random_removal,makespan_balance_repair,12,True,annealed,,2177.090023785042,8123.378353487239,81.47107005948737,27,8,2177.090023785042,7009.228172401064,0.0774051377742275,0.2247748574243126,0.22477484763929254
2,20260925,220,971,random_removal,makespan_balance_repair,12,True,pareto,,3105.937406024652,7841.984415107122,81.39000649583058,28,7,2177.090023785042,7009.228172401064,0.07725032749867905,1.3798198859394502,1.3798198781114341
2,20260925,221,972,random_removal,makespan_balance_repair,24,False,infeasible,,118094.55704172586,8445.258718063844,82.04232581861663,29,7,2177.090023785042,7009.228172401064,0.07709582684368169,1.1038559087515603,1.1038559024891474
2,20260925,222,973,random_removal,makespan_balance_repair,14,False,infeasible,,116732.04735687331,8370.40854535931,82.14279827974319,30,7,2177.090023785042,7009.228172401064,0.07694163518999432,0.8830847270012483,0.883084721991318
2,20260925,223,974,random_removal,makespan_balance_repair,24,False,infeasible,,89830.1889551623,8376.66065067231,85.11430406857527,29,7,2177.090023785042,7009.228172401064,0.07678775191961433,0.7064677816009987,0.7064677775930545
2,20260925,224,975,random_removal,makespan_balance_repair,16,False,infeasible,,198694.53791182238,8544.917794801844,83.62065588753258,29,7,2177.090023785042,7009.228172401064,0.07663417641577511,0.565174225280799,0.5651742220744436
2,20260925,225,976,random_removal,makespan_balance_repair,20,False,infeasible,,44812.85796242806,8355.232942013672,83.38935433776082,30,7,2177.090023785042,7009.228172401064,0.07648090806294355,0.4521393802246392,0.45213937765955486
2,20260925,226,977,random_removal,makespan_balance_repair,10,False,infeasible,,133710.58247247324,8371.833079535223,81.89168194092412,29,7,2177.090023785042,7009.228172401064,0.07632794624681767,0.3617115041797114,0.3617115021276439
2,20260925,227,978,random_removal,makespan_balance_repair,14,False,infeasible,,51902.54182394847,8847.733041627074,84.27560906652882,30,7,2177.090023785042,7009.228172401064,0.07617529035432404,0.2893692033437691,0.28936920170211516
2,20260925,228,979,legacy_neighbor,remove_reinsert,0,True,annealed,,3105.937406024652,7841.984415107122,81.39000649583058,28,7,2177.090023785042,7009.228172401064,0.07602293977361539,,
2,20260925,229,980,random_removal,makespan_balance_repair,10,False,infeasible,,35921.96407653048,8512.185957524345,82.08116479087171,29,7,2177.090023785042,7009.228172401064,0.07587089389406816,0.23149536267501528,0.23149536136169213
2,20260925,230,981,random_removal,makespan_balance_repair,11,False,infeasible,,37666.657700805285,9056.357813823068,83.37849968357997,29,7,2177.090023785042,7009.228172401064,0.07571915210628002,0.18519629014001224,0.1851962890893537
2,20260925,231,982,random_removal,makespan_balance_repair,21,False,infeasible,,123010.51306829676,8435.03011094615,85.7506800557216,30,7,2177.090023785042,7009.228172401064,0.07556771380206746,0.14815703211200978,0.14815703127148297
2,20260925,232,983,random_removal,makespan_balance_repair,19,False,infeasible,,157967.77371444058,8476.727428802318,82.03212749658482,28,7,2177.090023785042,7009.228172401064,0.07541657837446333,0.11852562568960784,0.11852562501718639
2,20260925,233,984,random_removal,makespan_balance_repair,18,False,infeasible,,70258.669651353,8268.563453631605,81.04512647534366,28,7,2177.090023785042,7009.228172401064,0.07526574521771441,0.09482050055168628,0.09482050001374911
2,20260925,234,985,random_removal,makespan_balance_repair,9,False,infeasible,,152880.7712045087,8708.654518246327,82.07150780084561,29,7,2177.090023785042,7009.228172401064,0.07511521372727899,0.07585640044134903,0.0758564000109993
2,20260925,235,986,random_removal,makespan_balance_repair,19,False,infeasible,,82002.6923033839,8787.026582447723,83.41590201260149,30,7,2177.090023785042,7009.228172401064,0.07496498329982443,0.06068512035307923,0.06068512000879944
2,20260925,236,987,random_removal,makespan_balance_repair,25,False,infeasible,,80205.82145342986,7987.423308929513,81.70276793206989,28,7,2177.090023785042,7009.228172401064,0.07481505333322477,0.048548096282463385,0.048548096007039555
2,20260925,237,988,random_removal,makespan_balance_repair,20,False,infeasible,,259684.7551954872,8841.515806949732,84.16737259547561,29,7,2177.090023785042,7009.228172401064,0.07466542322655832,0.03883847702597071,0.03883847680563165
2,20260925,238,989,worst_tardiness_removal,makespan_balance_repair,19,False,infeasible,,70203.66925184267,9346.862983454583,82.24261886127198,28,7,2177.090023785042,7009.228172401064,0.0745160923801052,7.174273720499497e-05,0.03107078144450532
2,20260925,239,990,legacy_neighbor,move_partial,0,True,annealed,,3105.937406024652,7841.984415107122,81.39000649583058,28,7,2177.090023785042,7009.228172401064,0.07436706019534499,,
2,20260925,240,991,random_removal,makespan_balance_repair,16,False,infeasible,,138616.18706614527,8411.869120545975,82.88687888821624,29,7,2177.090023785042,7009.228172401064,0.0742183260749543,0.031070781620776568,0.02485662515560426
2,20260925,241,992,random_removal,makespan_balance_repair,17,False,infeasible,,12018.066623665063,8314.463975366461,83.474400924811,28,7,2177.090023785042,7009.228172401064,0.07406988942280439,0.024856625296621256,0.019885300124483408
2,20260925,242,993,random_removal,makespan_balance_repair,10,False,infeasible,,62485.798926134,9157.063321329546,85.75786724848454,30,7,2177.090023785042,7009.228172401064,0.07392174964395878,0.019885300237297007,0.01590824009958673
2,20260925,243,994,random_removal,makespan_balance_repair,27,True,annealed,,4515.69210869394,8252.317213129372,75.08036864915137,26,7,2177.090023785042,7009.228172401064,0.07377390614467087,0.21590824018983762,0.2127265920796694
2,20260925,244,995,random_removal,makespan_balance_repair,24,False,infeasible,,202386.27709769306,7726.89016896959,78.86028935411115,26,7,2177.090023785042,7009.228172401064,0.07362635833238153,0.1727265921518701,0.17018127366373553
2,20260925,245,996,random_removal,makespan_balance_repair,16,False,infeasible,,173670.86262320736,7768.065621192272,75.20369669465072,26,7,2177.090023785042,7009.228172401064,0.07347910561571676,0.1381812737214961,0.13614501893098843
2,20260925,246,997,random_removal,makespan_balance_repair,25,False,infeasible,,4887.307776774745,7450.764236261487,74.1926804204027,25,7,2177.090023785042,7009.228172401064,0.07333214740448532,0.11054501897719689,0.10891601514479075
2,20260925,247,998,random_removal,makespan_balance_repair,16,False,infeasible,,197316.37858853547,8099.100123517866,77.59776423350807,27,7,2177.090023785042,7009.228172401064,0.07318548310967635,0.08843601518175752,0.08713281211583261
2,20260925,248,999,random_removal,makespan_balance_repair,15,False,infeasible,,114743.08608261113,8575.830470212812,80.07787091046677,27,7,2177.090023785042,7009.228172401064,0.073039112143457,0.07074881214540601,0.06970624969266609
2,20260925,249,1000,random_removal,makespan_balance_repair,17,False,infeasible,,24791.06370209647,8186.361902614452,81.88349115067929,27,7,2177.090023785042,7009.228172401064,0.07289303391917008,0.05659904971632482,0.05576499975413288
2,20260925,250,1001,legacy_neighbor,remove_reinsert,0,True,annealed,,4515.69210869394,8252.317213129372,75.08036864915137,26,7,2177.090023785042,7009.228172401064,0.07274724785133174,,
2,20260925,251,1002,random_removal,makespan_balance_repair,9,True,pareto,,1165.6841483920016,7457.646106585138,75.66883640125224,26,4,1165.6841483920016,7009.228172401064,0.07260175335562907,1.24527923977306,1.2446119998033065
2,20260925,252,1003,random_removal,makespan_balance_repair,28,False,infeasible,,233671.6286073509,8213.811063105259,82.09118954006854,26,4,1165.6841483920016,7009.228172401064,0.07245654984891782,0.9962233918184481,0.9956895998426453
2,20260925,253,1004,random_removal,makespan_balance_repair,14,False,infeasible,,104240.22558812493,7747.054318386557,77.19092965270717,27,4,1165.6841483920016,7009.228172401064,0.07231163674921999,0.7969787134547586,0.7965516798741162
2,20260925,254,1005,random_removal,makespan_balance_repair,21,False,infeasible,,9305.090023785042,8180.20524348078,76.72876232394553,27,4,1165.6841483920016,7009.228172401064,0.07216701347572155,0.6375829707638069,0.637241343899293
2,20260925,255,1006,random_removal,makespan_balance_repair,11,False,infeasible,,71055.06004853996,7457.646106585138,75.96258245368857,26,4,1165.6841483920016,7009.228172401064,0.07202267944877011,0.5100663766110455,0.5097930751194344
2,20260925,256,1007,random_removal,makespan_balance_repair,21,False,infeasible,,66261.29734625731,7864.764008839751,80.99543174950898,26,4,1165.6841483920016,7009.228172401064,0.07187863408987256,0.40805310128883643,0.4078344600955475
2,20260925,257,1008,random_removal,makespan_balance_repair,26,False,infeasible,,143210.6864957479,8326.373190861395,79.7228081634652,26,4,1165.6841483920016,7009.228172401064,0.07173487682169281,0.32644248103106915,0.32626756807643803
2,20260925,258,1009,random_removal,makespan_balance_repair,27,False,infeasible,,62384.12467474947,8032.551456823327,80.98361776327442,27,4,1165.6841483920016,7009.228172401064,0.07159140706804942,0.26115398482485536,0.26101405446115045
2,20260925,259,1010,random_removal,makespan_balance_repair,13,False,infeasible,,28146.191099781412,7457.646106585138,74.90437791103768,26,4,1165.6841483920016,7009.228172401064,0.07144822425391333,0.20892318785988429,0.20881124356892036
2,20260925,260,1011,random_removal,makespan_balance_repair,12,False,infeasible,,153483.46329749006,7585.326124019973,76.9733879147704,26,4,1165.6841483920016,7009.228172401064,0.0713053278054055,0.16713855028790744,0.1670489948551363
2,20260925,261,1012,legacy_neighbor,two_opt,0,True,pareto,,1165.6841483920016,7457.646106585138,75.56392120791969,26,4,1165.6841483920016,7009.228172401064,0.07116271714979468,,
2,20260925,262,1013,random_removal,makespan_balance_repair,17,False,infeasible,,143577.75930892382,7991.6638220202085,79.47186527353374,27,4,1165.6841483920016,7009.228172401064,0.07102039171549508,0.13371084023032595,0.13363919588410905
2,20260925,263,1014,random_removal,makespan_balance_repair,10,False,infeasible,,74284.42298936732,8193.625345246233,75.94313670719868,26,4,1165.6841483920016,7009.228172401064,0.07087835093206409,0.10696867218426076,0.10691135670728724
2,20260925,264,1015,random_removal,makespan_balance_repair,10,False,infeasible,,1165.6841483920016,7884.384104971985,75.57326150401332,26,4,1165.6841483920016,7009.228172401064,0.07073659423019996,0.08557493774740861,0.0855290853658298
2,20260925,265,1016,random_removal,makespan_balance_repair,13,False,infeasible,,177599.59845641418,7611.891173173208,78.9816413528258,26,4,1165.6841483920016,7009.228172401064,0.07059512104173955,0.06845995019792689,0.06842326829266385
2,20260925,266,1017,random_removal,makespan_balance_repair,20,False,infeasible,,171857.27340069824,7439.065164429077,76.06681816585574,26,4,1165.6841483920016,7009.228172401064,0.07045393079965608,0.05476796015834151,0.05473861463413108
2,20260925,267,1018,random_removal,makespan_balance_repair,11,True,pareto,,1165.6841483920016,7457.646106585138,75.48235669768812,26,4,1165.6841483920016,7009.228172401064,0.07031302293805676,1.2438143681266733,1.243790891707305
2,20260925,268,1019,random_removal,makespan_balance_repair,25,False,infeasible,,304676.06141978136,8032.614892598421,77.92007921903422,28,4,1165.6841483920016,7009.228172401064,0.07017239689218065,0.9950514945013387,0.9950327133658441
2,20260925,269,1020,random_removal,makespan_balance_repair,12,True,annealed,,1165.6841483920016,7457.646106585138,75.55900790873788,26,4,1165.6841483920016,7009.228172401064,0.07003205209839629,0.9960411956010711,0.9960261706926754
2,20260925,270,1021,random_removal,makespan_balance_repair,15,False,infeasible,,38601.264351260994,7607.472651605298,77.46408877772605,27,4,1165.6841483920016,7009.228172401064,0.06989198799419949,0.796832956480857,0.7968209365541403
2,20260925,271,1022,random_removal,makespan_balance_repair,11,False,infeasible,,71055.06004853996,7853.506146830918,76.99401962807487,26,4,1165.6841483920016,7009.228172401064,0.06975220401821108,0.6374663651846856,0.6374567492433123
2,20260925,272,1023,legacy_neighbor,swap_boxes,0,True,annealed,,1165.6841483920016,7457.646106585138,75.55900790873788,26,4,1165.6841483920016,7009.228172401064,0.06961269961017466,,
2,20260925,273,1024,random_removal,makespan_balance_repair,15,False,infeasible,,32393.5083879713,8120.462371856644,84.52696681433923,27,4,1165.6841483920016,7009.228172401064,0.06947347421095432,0.5099730921477484,0.5099653993946499
2,20260925,274,1025,random_removal,makespan_balance_repair,25,False,infeasible,,200617.47708195585,8659.500550072715,84.91073458526158,30,4,1165.6841483920016,7009.228172401064,0.0693345272625324,0.4079784737181988,0.40797231951571994
2,20260925,275,1026,random_removal,makespan_balance_repair,20,False,infeasible,,100842.75594102537,8509.830470212812,78.64057651498739,26,4,1165.6841483920016,7009.228172401064,0.06919585820800735,0.32638277897455903,0.326377855612576
2,20260925,276,1027,random_removal,makespan_balance_repair,25,False,infeasible,,88876.0864571612,8377.014305127273,85.8951757516277,28,4,1165.6841483920016,7009.228172401064,0.06905746649159133,0.2611062231796472,0.2611022844900608
2,20260925,277,1028,random_removal,makespan_balance_repair,26,False,infeasible,,126560.01928377751,9116.33834419356,83.97219227548742,27,4,1165.6841483920016,7009.228172401064,0.06891935155860815,0.2088849785437178,0.20888182759204865
2,20260925,278,1029,random_removal,makespan_balance_repair,24,False,infeasible,,155863.7672644549,7758.100369548409,80.6027682164538,27,4,1165.6841483920016,7009.228172401064,0.06878151285549093,0.16710798283497424,0.16710546207363894
2,20260925,279,1030,random_removal,makespan_balance_repair,27,False,infeasible,,108340.97878221881,8215.942224353368,80.85017711531151,27,4,1165.6841483920016,7009.228172401064,0.06864394982977995,0.1336863862679794,0.13368436965891115
2,20260925,280,1031,random_removal,makespan_balance_repair,21,False,infeasible,,101593.81173992337,7643.676690503828,78.53745838086441,26,4,1165.6841483920016,7009.228172401064,0.0685066619301204,0.10694910901438354,0.10694749572712892
2,20260925,281,1032,random_removal,makespan_balance_repair,13,False,infeasible,,12406.786698380056,7457.646106585138,74.65226999179752,26,4,1165.6841483920016,7009.228172401064,0.06836964860626016,0.08555928721150684,0.08555799658170314
2,20260925,282,1033,random_removal,makespan_balance_repair,26,False,infeasible,,152616.08592204616,8762.065241864233,81.41931589558868,27,4,1165.6841483920016,7009.228172401064,0.06823290930904764,0.06844742976920547,0.06844639726536252
2,20260925,283,1034,legacy_neighbor,two_opt,0,True,annealed,,1165.6841483920016,7457.646106585138,75.60568274584217,26,4,1165.6841483920016,7009.228172401064,0.06809644349042955,,
2,20260925,284,1035,random_removal,makespan_balance_repair,19,False,infeasible,,63419.17313411465,8116.833981842655,77.60430104719536,27,4,1165.6841483920016,7009.228172401064,0.0679602506034487,0.05475794381536438,0.054757117812290014
2,20260925,285,1036,random_removal,makespan_balance_repair,24,False,infeasible,,21948.102910898953,7699.512430003524,79.49182925059173,27,4,1165.6841483920016,7009.228172401064,0.0678243301022418,0.0438063550522915,0.043805694249832015
2,20260925,286,1037,random_removal,makespan_balance_repair,24,False,infeasible,,214529.1991885335,7936.230094376862,79.02699432722345,26,4,1165.6841483920016,7009.228172401064,0.06768868144203731,0.0350450840418332,0.03504455539986561
2,20260925,287,1038,random_removal,makespan_balance_repair,20,False,infeasible,,172911.4920187199,8581.106244562692,80.1095188744613,27,4,1165.6841483920016,7009.228172401064,0.06755330407915323,0.028036067233466563,0.02803564431989249
2,20260925,288,1039,random_removal,makespan_balance_repair,9,False,infeasible,,5125.684148392002,7477.83730346106,75.4931213922751,26,4,1165.6841483920016,7009.228172401064,0.06741819747099492,0.022428853786773253,0.022428515455913994
2,20260925,289,1040,random_removal,makespan_balance_repair,17,False,infeasible,,47609.28160014695,7647.660450202351,77.06051979725048,26,4,1165.6841483920016,7009.228172401064,0.06728336107605293,0.0179430830294186,0.017942812364731196
2,20260925,290,1041,random_removal,makespan_balance_repair,13,False,infeasible,,98014.32957239644,7647.660450202351,77.37080274629689,26,4,1165.6841483920016,7009.228172401064,0.06714879435390082,0.014354466423534882,0.014354249891784958
2,20260925,291,1042,random_removal,makespan_balance_repair,25,False,infeasible,,10689.299635236574,8263.423555198327,78.89953507680967,27,4,1165.6841483920016,7009.228172401064,0.06701449676519303,0.011483573138827906,0.011483399913427967
2,20260925,292,1043,random_removal,makespan_balance_repair,22,False,infeasible,,99350.81900595385,8349.21773383497,77.55845425455367,25,4,1165.6841483920016,7009.228172401064,0.06688046777166264,0.009186858511062325,0.009186719930742373
2,20260925,293,1044,random_removal,makespan_balance_repair,24,False,infeasible,,159055.75327615993,8421.32371747146,77.10082710106411,26,4,1165.6841483920016,7009.228172401064,0.06674670683611932,0.007349486808849861,0.007349375944593899
2,20260925,294,1045,legacy_neighbor,relocate_box,0,True,annealed,,1165.6841483920016,7457.646106585138,75.60568274584217,26,4,1165.6841483920016,7009.228172401064,0.06661321342244708,,
2,20260925,295,1046,random_removal,makespan_balance_repair,26,False,infeasible,,65728.27625315901,7970.321203231866,77.54176160908422,26,4,1165.6841483920016,7009.228172401064,0.06647998699560219,0.005879589447079889,0.005879500755675119
2,20260925,296,1047,random_removal,makespan_balance_repair,23,False,infeasible,,122070.2284520164,7970.397844516251,79.33811089777392,27,4,1165.6841483920016,7009.228172401064,0.06634702702161098,0.004703671557663911,0.0047036006045400956
2,20260925,297,1048,random_removal,makespan_balance_repair,25,False,infeasible,,183640.52267684168,9248.50647852001,82.3989789039868,29,4,1165.6841483920016,7009.228172401064,0.06621433296756776,0.003762937246131129,0.003762880483632077
2,20260925,298,1049,random_removal,makespan_balance_repair,28,False,infeasible,,193761.46100692198,7596.021861942107,78.03768813205157,27,4,1165.6841483920016,7009.228172401064,0.06608190430163263,0.0030103497969049034,0.0030103043869056617
2,20260925,299,1050,random_removal,makespan_balance_repair,10,True,annealed,,1186.8352383399906,7752.009806104424,75.21172827467537,25,4,1165.6841483920016,7009.228172401064,0.06594974049302936,0.20240827983752394,0.20240824350952455
2,20260925,300,1051,random_removal,makespan_balance_repair,21,False,infeasible,,56844.04803883197,8427.016266703831,77.10239613702976,26,4,1165.6841483920016,7009.228172401064,0.0658178410120433,0.16192662387001916,0.16192659480761964
2,20260925,301,1052,random_removal,makespan_balance_repair,22,False,infeasible,,59089.43889471903,8290.92254528536,79.3333407818283,26,4,1165.6841483920016,7009.228172401064,0.06568620533001922,0.12954129909601533,0.12954127584609573
2,20260925,302,1053,random_removal,makespan_balance_repair,21,False,infeasible,,3067.1445958284603,8107.462461842824,77.50502823474291,26,4,1165.6841483920016,7009.228172401064,0.06555483291935918,0.10363303927681228,0.10363302067687659
2,20260925,303,1054,random_removal,makespan_balance_repair,26,False,infeasible,,151640.46972948042,8240.903846491705,81.43735146910457,28,4,1165.6841483920016,7009.228172401064,0.06542372325352046,0.08290643142144982,0.08290641654150127
2,20260925,304,1055,random_removal,makespan_balance_repair,27,False,infeasible,,75139.66180096785,8128.503680728478,81.55210999725301,27,4,1165.6841483920016,7009.228172401064,0.06529287580701341,0.06632514513715985,0.06632513323320102
2,20260925,305,1056,legacy_neighbor,priority_order,0,True,annealed,,1186.8352383399906,7752.009806104424,75.21172827467537,25,4,1165.6841483920016,7009.228172401064,0.06516229005539939,,
2,20260925,306,1057,random_removal,makespan_balance_repair,20,False,infeasible,,68241.96842554923,8152.927272089102,76.32702592155198,26,4,1165.6841483920016,7009.228172401064,0.0650319654752886,0.053060116109727884,0.05306010658656082
2,20260925,307,1058,random_removal,makespan_balance_repair,13,False,infeasible,,71055.06004853996,7454.990513779587,73.91124084769461,25,4,1165.6841483920016,7009.228172401064,0.06490190154433802,0.04244809288778231,0.04244808526924866
2,20260925,308,1059,random_removal,makespan_balance_repair,20,False,infeasible,,27273.922235975035,7789.5282438293,79.35382806885744,26,4,1165.6841483920016,7009.228172401064,0.06477209774124934,0.033958474310225854,0.03395846821539893
2,20260925,309,1060,random_removal,makespan_balance_repair,24,False,infeasible,,60549.95385083172,8688.69919144437,81.31622302254654,27,4,1165.6841483920016,7009.228172401064,0.06464255354576684,0.027166779448180686,0.027166774572319148
2,20260925,310,1061,random_removal,makespan_balance_repair,19,False,infeasible,,124931.41787091608,7976.884490339392,77.8107699258463,26,4,1165.6841483920016,7009.228172401064,0.0645132684386753,0.02173342355854455,0.02173341965785532
2,20260925,311,1062,random_removal,makespan_balance_repair,10,False,infeasible,,1583.7359189928793,7332.143142998724,74.779094004343,25,4,1165.6841483920016,7009.228172401064,0.06438424190179795,0.01738673884683564,0.017386735726284255
2,20260925,312,1063,random_removal,makespan_balance_repair,27,False,infeasible,,59390.75575603926,7976.884490339392,78.07288992050869,26,4,1165.6841483920016,7009.228172401064,0.06425547341799435,0.013909391077468511,0.013909388581027405
2,20260925,313,1064,random_removal,makespan_balance_repair,22,False,infeasible,,42962.98375259426,7791.494523927425,80.64427772849879,27,4,1165.6841483920016,7009.228172401064,0.06412696247115837,0.01112751286197481,0.011127510864821924
2,20260925,314,1065,early_deadline_removal,makespan_balance_repair,18,False,infeasible,,9714.93318849093,8022.107992597214,78.13569180895064,26,4,1165.6841483920016,7009.228172401064,0.06399870854621606,0.0004307295683175003,0.00890200869185754
2,20260925,315,1066,random_removal,makespan_balance_repair,17,False,infeasible,,194585.93461940697,8353.56751796349,76.9451336413382,26,4,1165.6841483920016,7009.228172401064,0.06387071112912363,0.008902010289579848,0.007121606953486032
2,20260925,316,1067,legacy_neighbor,split,0,True,annealed,,1186.8352383399906,7752.009806104424,76.82264441178033,26,4,1165.6841483920016,7009.228172401064,0.06374296970686538,,
2,20260925,317,1068,random_removal,makespan_balance_repair,19,False,infeasible,,40448.77611556683,7966.257717186905,77.57675635952351,26,4,1165.6841483920016,7009.228172401064,0.06361548376745166,0.007121608231663879,0.005697285562788826
2,20260925,318,1069,random_removal,makespan_balance_repair,23,False,infeasible,,76331.51968251391,7438.681737904207,76.01104774656109,26,4,1165.6841483920016,7009.228172401064,0.06348825279991675,0.005697286585331103,0.004557828450231061
2,20260925,319,1070,random_removal,makespan_balance_repair,17,False,infeasible,,149113.57869308966,8364.18118611785,80.31061525111983,28,4,1165.6841483920016,7009.228172401064,0.06336127629431693,0.004557829268264883,0.0036462627601848486
2,20260925,320,1071,random_removal,makespan_balance_repair,21,False,infeasible,,58215.243962647844,8052.935708896824,78.79454164535383,27,4,1165.6841483920016,7009.228172401064,0.06323455374172829,0.0036462634146119063,0.002917010208147879
2,20260925,321,1072,random_removal,makespan_balance_repair,12,False,infeasible,,19948.30679773314,7896.010385622719,78.44567297433001,27,4,1165.6841483920016,7009.228172401064,0.06310808463424483,0.002917010731689525,0.002333608166518303
2,20260925,322,1073,random_removal,makespan_balance_repair,21,False,infeasible,,64468.692817607305,8004.052328070233,78.72127366608964,27,4,1165.6841483920016,7009.228172401064,0.06298186846497635,0.00233360858535162,0.0018668865332146425
2,20260925,323,1074,random_removal,makespan_balance_repair,23,False,infeasible,,119857.45691219025,8193.509421537667,80.64258208664783,27,4,1165.6841483920016,7009.228172401064,0.06285590472804639,0.0018668868682812961,0.0014935092265717142
2,20260925,324,1075,random_removal,makespan_balance_repair,21,False,infeasible,,133154.007608405,8644.82945536079,80.18766711750949,26,4,1165.6841483920016,7009.228172401064,0.0627301929185903,0.001493509494625037,0.0011948073812573714
2,20260925,325,1076,early_deadline_removal,makespan_balance_repair,26,False,infeasible,,107906.96670415619,8741.66301732037,83.20653263333752,27,4,1165.6841483920016,7009.228172401064,0.06260473253275313,0.00034458365465400026,0.0009558459050058971
2,20260925,326,1077,early_deadline_removal,makespan_balance_repair,18,False,infeasible,,65513.42210998208,8506.485703203572,80.133803989533,27,4,1165.6841483920016,7009.228172401064,0.06247952306768762,0.00027566692372320024,0.0007646767240047178
2,20260925,327,1078,legacy_neighbor,merge,0,True,annealed,,1186.8352383399906,7752.009806104424,76.82264441178033,26,4,1165.6841483920016,7009.228172401064,0.06235456402155225,,
2,20260925,328,1079,random_removal,makespan_balance_repair,15,False,infeasible,,16090.623165047073,8795.116833054688,82.55597472849225,28,4,1165.6841483920016,7009.228172401064,0.06222985489350914,0.0011948075957000297,0.0006117413792037742
2,20260925,329,1080,random_removal,makespan_balance_repair,15,False,infeasible,,158317.57679223956,8022.743101644153,78.72161102710618,27,4,1165.6841483920016,7009.228172401064,0.06210539518372212,0.0009558460765600237,0.0004893931033630194
2,20260925,330,1081,early_deadline_removal,makespan_balance_repair,10,True,pareto,,0.0,7483.751393770081,78.47952449430414,26,5,0.0,7009.228172401064,0.06198118439335468,1.2002205335389788,1.2003915144826907
2,20260925,331,1082,early_deadline_removal,makespan_balance_repair,27,False,infeasible,,83658.39200159913,8741.66301732037,82.43808171597662,26,5,0.0,7009.228172401064,0.06185722202456797,0.9601764268311831,0.9603132115861526
2,20260925,332,1083,early_deadline_removal,makespan_balance_repair,24,False,infeasible,,119302.14063748671,8653.417610508612,82.42876760506132,27,5,0.0,7009.228172401064,0.061733507580518834,0.7681411414649465,0.7682505692689221
2,20260925,333,1084,early_deadline_removal,makespan_balance_repair,28,False,infeasible,,83320.88273425993,8741.66301732037,82.77756935404898,26,5,0.0,7009.228172401064,0.06161004056535779,0.6145129131719572,0.6146004554151377
2,20260925,334,1085,early_deadline_removal,makespan_balance_repair,11,True,annealed,,0.0,7483.751393770081,78.47952449430414,26,5,0.0,7009.228172401064,0.06148682048422708,0.6916103305375658,0.6916803643321102
2,20260925,335,1086,early_deadline_removal,makespan_balance_repair,24,False,infeasible,,119302.14063748671,8653.417610508612,82.42876760506132,27,5,0.0,7009.228172401064,0.06136384684325862,0.5532882644300526,0.5533442914656882
2,20260925,336,1087,early_deadline_removal,makespan_balance_repair,20,False,infeasible,,65513.42210998208,8506.485703203572,80.133803989533,27,5,0.0,7009.228172401064,0.06124111914957211,0.44263061154404215,0.4426754331725506
2,20260925,337,1088,early_deadline_removal,makespan_balance_repair,17,False,infeasible,,65513.42210998208,8506.485703203572,80.133803989533,27,5,0.0,7009.228172401064,0.061118636911272964,0.35410448923523374,0.3541403465380405
2,20260925,338,1089,legacy_neighbor,reorder,0,True,annealed,,0.0,7483.751393770081,78.58443968763669,26,5,0.0,7009.228172401064,0.06099639963745042,,
2,20260925,339,1090,early_deadline_removal,makespan_balance_repair,9,True,annealed,,0.0,7483.751393770081,78.58443968763669,26,5,0.0,7009.228172401064,0.06087440683817552,0.483283591388187,0.4833122772304324
2,20260925,340,1091,early_deadline_removal,makespan_balance_repair,19,False,infeasible,,65513.42210998208,8506.485703203572,80.23871918286554,27,5,0.0,7009.228172401064,0.06075265802449917,0.3866268731105496,0.3866498217843459
2,20260925,341,1092,early_deadline_removal,makespan_balance_repair,15,False,infeasible,,4811.453385413106,7571.09137745044,78.31954908109198,27,5,0.0,7009.228172401064,0.06063115270845017,0.3093014984884397,0.30931985742747675
2,20260925,342,1093,early_deadline_removal,makespan_balance_repair,14,False,infeasible,,4811.453385413106,7650.8341198066855,78.28832082437225,26,5,0.0,7009.228172401064,0.06050989040303327,0.24744119879075177,0.24745588594198142
2,20260925,343,1094,early_deadline_removal,makespan_balance_repair,13,False,infeasible,,4811.453385413106,7650.8341198066855,78.28832082437225,26,5,0.0,7009.228172401064,0.060388870622227205,0.19795295903260143,0.19796470875358516
2,20260925,344,1095,early_deadline_removal,makespan_balance_repair,10,True,annealed,,0.0,7483.751393770081,78.58443968763669,26,5,0.0,7009.228172401064,0.06026809288098275,0.35836236722608117,0.35837176700286816
2,20260925,345,1096,early_deadline_removal,makespan_balance_repair,25,False,infeasible,,119302.14063748671,8653.417610508612,82.57485293994453,27,5,0.0,7009.228172401064,0.06014755669522078,0.28668989378086496,0.28669741360229456
2,20260925,346,1097,early_deadline_removal,makespan_balance_repair,23,False,infeasible,,91540.96820321478,8761.658546672259,82.53368279839387,27,5,0.0,7009.228172401064,0.06002726158183034,0.229351915024692,0.22935793088183565
2,20260925,347,1098,early_deadline_removal,makespan_balance_repair,21,False,infeasible,,54701.69743803024,8506.485703203572,80.11417508364848,27,5,0.0,7009.228172401064,0.05990720705866668,0.1834815320197536,0.18348634470546854
2,20260925,348,1099,early_deadline_removal,makespan_balance_repair,23,False,infeasible,,91540.96820321478,8761.658546672259,82.53368279839387,27,5,0.0,7009.228172401064,0.059787392644549346,0.14678522561580287,0.14678907576437483
2,20260925,349,1100,legacy_neighbor,insert_service,0,True,annealed,,0.0,7644.877038858747,78.28066935119827,26,5,0.0,7009.228172401064,0.059667817859260244,,
2,20260925,350,1101,early_deadline_removal,makespan_balance_repair,15,False,infeasible,,2722.1329548758968,8022.107992597214,78.311897607918,27,5,0.0,7009.228172401064,0.05954848222354173,0.11742818049264231,0.11743126061149987
2,20260925,351,1102,early_deadline_removal,makespan_balance_repair,23,False,infeasible,,73511.65376620606,8213.256427772945,80.87911214731177,27,5,0.0,7009.228172401064,0.05942938525909464,0.09394254439411386,0.0939450084891999
2,20260925,352,1103,early_deadline_removal,makespan_balance_repair,28,False,infeasible,,145094.3567919161,9399.577632058179,83.50281098628534,28,5,0.0,7009.228172401064,0.05931052648857645,0.0751540355152911,0.07515600679135992
2,20260925,353,1104,early_deadline_removal,makespan_balance_repair,16,False,infeasible,,2280.846889275368,7644.877038858747,77.8931127283594,27,5,0.0,7009.228172401064,0.0591919054355993,0.06012322841223288,0.06012480543308794
2,20260925,354,1105,early_deadline_removal,makespan_balance_repair,28,False,infeasible,,145094.3567919161,9399.577632058179,83.50281098628534,28,5,0.0,7009.228172401064,0.059073521624728106,0.04809858272978631,0.048099844346470355
2,20260925,355,1106,early_deadline_removal,makespan_balance_repair,15,False,infeasible,,2722.1329548758968,8022.107992597214,78.311897607918,27,5,0.0,7009.228172401064,0.05895537458147865,0.03847886618382905,0.03847987547717629
2,20260925,356,1107,early_deadline_removal,makespan_balance_repair,11,True,annealed,,0.0,7644.877038858747,78.28066935119827,26,5,0.0,7009.228172401064,0.05883746383231569,0.23078309294706326,0.23078390038174104
2,20260925,357,1108,early_deadline_removal,makespan_balance_repair,10,True,annealed,,0.0,7644.877038858747,78.28066935119827,26,5,0.0,7009.228172401064,0.05871978890465106,0.3846264743576506,0.38462712030539287
2,20260925,358,1109,early_deadline_removal,makespan_balance_repair,10,True,annealed,,0.0,7644.877038858747,78.28066935119827,26,5,0.0,7009.228172401064,0.05860234932684175,0.5077011794861206,0.5077016962443144
2,20260925,359,1110,early_deadline_removal,makespan_balance_repair,27,False,infeasible,,145094.3567919161,9399.577632058179,83.63849214253685,28,5,0.0,7009.228172401064,0.05848514462818807,0.4061609435888965,0.40616135699545153
2,20260925,360,1111,legacy_neighbor,change_model,0,True,annealed,,0.0,7644.877038858747,78.28066935119827,26,5,0.0,7009.228172401064,0.05836817433893169,,
2,20260925,361,1112,early_deadline_removal,makespan_balance_repair,21,False,infeasible,,59327.85345343161,8234.539541953372,80.24632988359852,27,5,0.0,7009.228172401064,0.058251437990253827,0.3249287548711172,0.32492908559636124
2,20260925,362,1113,early_deadline_removal,makespan_balance_repair,18,False,infeasible,,66724.34837293533,8234.539541953372,80.37087398281558,27,5,0.0,7009.228172401064,0.05813493511427332,0.2599430038968938,0.259943268477089
2,20260925,363,1114,random_removal,makespan_balance_repair,25,False,infeasible,,23360.730997151913,8619.813445448717,82.03514033825473,26,5,0.0,7009.228172401064,0.058018665244044774,0.000764676861248019,0.2079546147816712
2,20260925,364,1115,early_deadline_removal,makespan_balance_repair,21,False,infeasible,,59327.85345343161,8234.539541953372,80.24632988359852,27,5,0.0,7009.228172401064,0.05790262791355669,0.20795440311751504,0.16636369182533697
2,20260925,365,1116,early_deadline_removal,makespan_balance_repair,22,False,infeasible,,51473.583531351476,8213.256427772945,80.27279166356031,26,5,0.0,7009.228172401064,0.057786822657729574,0.16636352249401204,0.13309095346026958
2,20260925,366,1117,early_deadline_removal,makespan_balance_repair,18,False,infeasible,,66724.34837293533,8234.539541953372,80.37087398281558,27,5,0.0,7009.228172401064,0.05767124901241411,0.13309081799520964,0.10647276276821567
2,20260925,367,1118,early_deadline_removal,makespan_balance_repair,13,True,annealed,,0.0,7644.877038858747,78.28066935119827,26,5,0.0,7009.228172401064,0.057555906514389285,0.3064726543961677,0.28517821021457257
2,20260925,368,1119,early_deadline_removal,makespan_balance_repair,25,False,infeasible,,144925.62153710323,9399.577632058179,84.04283120668963,28,5,0.0,7009.228172401064,0.05744079470136051,0.2451781235169342,0.22814256817165807
2,20260925,369,1120,early_deadline_removal,makespan_balance_repair,12,True,annealed,,0.0,7644.877038858747,78.28066935119827,26,5,0.0,7009.228172401064,0.05732591311195779,0.39614249881354735,0.38251405453732645
2,20260925,370,1121,early_deadline_removal,makespan_balance_repair,24,False,infeasible,,60460.41017156869,8967.043384633564,82.52875903673075,27,5,0.0,7009.228172401064,0.05721126128573387,0.3169139990508379,0.3060112436298612
2,20260925,371,1122,legacy_neighbor,relocate_box,0,True,annealed,,0.0,7644.877038858747,78.28066935119827,26,5,0.0,7009.228172401064,0.057096838763162405,,
2,20260925,372,1123,early_deadline_removal,makespan_balance_repair,24,False,infeasible,,60460.41017156869,8967.043384633564,82.52875903673075,27,5,0.0,7009.228172401064,0.05698264508563608,0.2535311992406703,0.24480899490388897
2,20260925,373,1124,early_deadline_removal,makespan_balance_repair,14,True,annealed,,0.0,7644.877038858747,78.28066935119827,26,5,0.0,7009.228172401064,0.05686867979546481,0.40282495939253626,0.3958471959231112
2,20260925,374,1125,early_deadline_removal,makespan_balance_repair,22,False,infeasible,,51473.583531351476,8213.256427772945,80.27279166356031,26,5,0.0,7009.228172401064,0.05675494243587388,0.322259967514029,0.31667775673848897
3,20260926,0,1126,early_deadline_removal,makespan_balance_repair,13,False,infeasible,,870323.188519168,17955.49410410723,103.46676906263065,32,5,0.0,7009.228172401064,0.12,0.25780797401122324,0.25334220539079116
3,20260926,1,1127,early_deadline_removal,makespan_balance_repair,9,True,improved_current,,1057740.049239324,18935.588013673358,100.6577294278701,31,5,0.0,7009.228172401064,0.11975999999999999,0.8062463792089787,0.802673764312633
3,20260926,2,1128,early_deadline_removal,makespan_balance_repair,26,False,infeasible,,335464.75136654207,10329.868191870266,88.26705833788498,31,5,0.0,7009.228172401064,0.11952047999999998,0.644997103367183,0.6421390114501064
3,20260926,3,1129,early_deadline_removal,makespan_balance_repair,23,False,infeasible,,229106.1558946604,10329.868191870266,86.67934690062292,29,5,0.0,7009.228172401064,0.11928143903999998,0.5159976826937464,0.5137112091600852
3,20260926,4,1130,early_deadline_removal,makespan_balance_repair,21,False,infeasible,,141016.9072612404,10365.602573433582,84.72787904174557,28,5,0.0,7009.228172401064,0.11904287616191998,0.4127981461549971,0.41096896732806815
3,20260926,5,1131,early_deadline_removal,makespan_balance_repair,18,False,infeasible,,193362.74665321226,10631.84850091881,85.59970808408717,28,5,0.0,7009.228172401064,0.11880479040959614,0.3302385169239977,0.32877517386245453
3,20260926,6,1132,early_deadline_removal,makespan_balance_repair,11,False,infeasible,,974865.9206924867,18074.324089914877,100.7403464026684,31,5,0.0,7009.228172401064,0.11856718082877694,0.26419081353919815,0.26302013908996363
3,20260926,7,1133,legacy_neighbor,remove_reinsert,0,True,annealed,,1057740.049239324,18935.588013673358,100.64159027361752,31,5,0.0,7009.228172401064,0.11833004646711939,,
3,20260926,8,1134,early_deadline_removal,makespan_balance_repair,18,False,infeasible,,193362.74665321226,10631.84850091881,85.59970808408717,28,5,0.0,7009.228172401064,0.11809338637418515,0.21135265083135854,0.2104161112719709
3,20260926,9,1135,early_deadline_removal,makespan_balance_repair,22,False,infeasible,,156804.62643901663,10329.868191870266,85.92131091960678,29,5,0.0,7009.228172401064,0.11785719960143679,0.16908212066508685,0.16833288901757673
3,20260926,10,1136,early_deadline_removal,makespan_balance_repair,12,False,infeasible,,929100.7492673356,18003.715094094725,100.85559065523755,31,5,0.0,7009.228172401064,0.11762148520223391,0.1352656965320695,0.1346663112140614
3,20260926,11,1137,early_deadline_removal,makespan_balance_repair,10,False,infeasible,,1031869.9360653363,18219.375161409916,98.9913853603698,30,5,0.0,7009.228172401064,0.11738624223182945,0.10821255722565559,0.10773304897124912
3,20260926,12,1138,early_deadline_removal,makespan_balance_repair,25,False,infeasible,,300371.5830702984,10329.868191870266,88.43211905482401,31,5,0.0,7009.228172401064,0.11715146974736579,0.08657004578052448,0.08618643917699931
3,20260926,13,1139,early_deadline_removal,makespan_balance_repair,26,False,infeasible,,335464.75136654207,10329.868191870266,88.26705833788498,31,5,0.0,7009.228172401064,0.11691716680787105,0.06925603662441958,0.06894915134159944
3,20260926,14,1140,early_deadline_removal,makespan_balance_repair,17,False,infeasible,,183178.19143600346,11953.459339208786,88.68792928084187,29,5,0.0,7009.228172401064,0.1166833324742553,0.05540482929953566,0.05515932107327956
3,20260926,15,1141,early_deadline_removal,makespan_balance_repair,11,False,infeasible,,974865.9206924867,18074.324089914877,100.7403464026684,31,5,0.0,7009.228172401064,0.11644996580930679,0.04432386343962853,0.044127456858623654
3,20260926,16,1142,early_deadline_removal,makespan_balance_repair,11,False,infeasible,,974865.9206924867,18074.324089914877,100.7403464026684,31,5,0.0,7009.228172401064,0.11621706587768818,0.03545909075170283,0.03530196548689892
3,20260926,17,1143,early_deadline_removal,makespan_balance_repair,13,False,infeasible,,870323.188519168,17955.49410410723,103.46676906263065,32,5,0.0,7009.228172401064,0.1159846317459328,0.028367272601362264,0.02824157238951914
3,20260926,18,1144,legacy_neighbor,remove_reinsert,0,True,annealed,,1057740.049239324,18935.588013673358,100.64159027361752,31,5,0.0,7009.228172401064,0.11575266248244094,,
3,20260926,19,1145,early_deadline_removal,makespan_balance_repair,18,False,infeasible,,193362.74665321226,10631.84850091881,85.59970808408717,28,5,0.0,7009.228172401064,0.11552115715747606,0.022693818081089813,0.022593257911615313
3,20260926,20,1146,early_deadline_removal,makespan_balance_repair,20,False,infeasible,,153396.79084260523,10431.602573433582,84.64274331111848,28,5,0.0,7009.228172401064,0.11529011484316111,0.01815505446487185,0.01807460632929225
3,20260926,21,1147,early_deadline_removal,makespan_balance_repair,21,False,infeasible,,141016.9072612404,10365.602573433582,84.72787904174557,28,5,0.0,7009.228172401064,0.11505953461347479,0.014524043571897481,0.0144596850634338
3,20260926,22,1148,early_deadline_removal,makespan_balance_repair,19,False,infeasible,,204904.61662910198,10431.602573433582,87.01465542605798,29,5,0.0,7009.228172401064,0.11482941554424785,0.011619234857517986,0.011567748050747041
3,20260926,23,1149,early_deadline_removal,makespan_balance_repair,9,True,annealed,,1057740.049239324,18935.588013673358,100.6577294278701,31,5,0.0,7009.228172401064,0.11459975671315935,0.2092953878860144,0.20925419844059764
3,20260926,24,1150,early_deadline_removal,makespan_balance_repair,13,False,infeasible,,870323.188519168,17955.49410410723,103.46676906263065,32,5,0.0,7009.228172401064,0.11437055719973303,0.16743631030881154,0.16740335875247814
3,20260926,25,1151,early_deadline_removal,makespan_balance_repair,22,False,infeasible,,156804.62643901663,10329.868191870266,85.92131091960678,29,5,0.0,7009.228172401064,0.11414181608533357,0.13394904824704923,0.1339226870019825
3,20260926,26,1152,early_deadline_removal,makespan_balance_repair,15,False,infeasible,,225190.97908173443,13186.500454331352,91.2454208495175,30,5,0.0,7009.228172401064,0.1139135324531629,0.10715923859763939,0.10713814960158602
3,20260926,27,1153,early_deadline_removal,makespan_balance_repair,20,False,infeasible,,153396.79084260523,10431.602573433582,84.64274331111848,28,5,0.0,7009.228172401064,0.11368570538825656,0.08572739087811151,0.08571051968126882
3,20260926,28,1154,early_deadline_removal,makespan_balance_repair,9,True,annealed,,1057740.049239324,18935.588013673358,100.6577294278701,31,5,0.0,7009.228172401064,0.11345833397748005,0.2685819127024892,0.26856841574501505
3,20260926,29,1155,legacy_neighbor,priority_order,0,False,infeasible,,1094900.8617428537,18968.52311786771,100.6577294278701,31,5,0.0,7009.228172401064,0.11323141730952509,,
3,20260926,30,1156,early_deadline_removal,makespan_balance_repair,9,True,annealed,,1057740.049239324,18935.588013673358,100.6577294278701,31,5,0.0,7009.228172401064,0.11300495447490604,0.4148655301619914,0.4148547325960121
3,20260926,31,1157,early_deadline_removal,makespan_balance_repair,12,False,infeasible,,929100.7492673356,18003.715094094725,100.85559065523755,31,5,0.0,7009.228172401064,0.11277894456595622,0.33189242412959313,0.3318837860768097
3,20260926,32,1158,early_deadline_removal,makespan_balance_repair,24,False,infeasible,,263217.57957971765,10329.868191870266,87.46866055346203,30,5,0.0,7009.228172401064,0.11255338667682431,0.2655139393036745,0.2655070288614478
3,20260926,33,1159,early_deadline_removal,makespan_balance_repair,10,False,infeasible,,1031869.9360653363,18219.375161409916,98.9913853603698,30,5,0.0,7009.228172401064,0.11232827990347066,0.21241115144293962,0.21240562308915822
3,20260926,34,1160,early_deadline_removal,makespan_balance_repair,16,False,infeasible,,187437.83468022387,11953.459339208786,89.15085380450289,29,5,0.0,7009.228172401064,0.11210362334366372,0.1699289211543517,0.1699244984713266
3,20260926,35,1161,early_deadline_removal,makespan_balance_repair,12,False,infeasible,,929100.7492673356,18003.715094094725,100.85559065523755,31,5,0.0,7009.228172401064,0.1118794160969764,0.13594313692348137,0.13593959877706127
3,20260926,36,1162,early_deadline_removal,makespan_balance_repair,11,False,infeasible,,974865.9206924867,18074.324089914877,100.7403464026684,31,5,0.0,7009.228172401064,0.11165565726478244,0.1087545095387851,0.10875167902164902
3,20260926,37,1163,early_deadline_removal,makespan_balance_repair,28,False,infeasible,,434685.1678335869,9581.273723008462,89.7712934259654,33,5,0.0,7009.228172401064,0.11143234595025288,0.08700360763102809,0.08700134321731923
3,20260926,38,1164,early_deadline_removal,makespan_balance_repair,20,False,infeasible,,153396.79084260523,10431.602573433582,84.64274331111848,28,5,0.0,7009.228172401064,0.11120948125835237,0.06960288610482247,0.06960107457385538
3,20260926,39,1165,early_deadline_removal,makespan_balance_repair,16,False,infeasible,,187437.83468022387,11953.459339208786,89.15085380450289,29,5,0.0,7009.228172401064,0.11098706229583566,0.05568230888385798,0.05568085965908431
3,20260926,40,1166,legacy_neighbor,priority_order,0,True,improved_current,,1055478.3764428936,19257.232934782838,100.6577294278701,31,5,0.0,7009.228172401064,0.11076508817124399,,
3,20260926,41,1167,early_deadline_removal,makespan_balance_repair,21,False,infeasible,,158747.42436848604,10496.217782801077,84.72787904174557,28,5,0.0,7009.228172401064,0.1105435579949015,0.04454584710708639,0.04454468772726745
3,20260926,42,1168,early_deadline_removal,makespan_balance_repair,17,False,infeasible,,201386.65354151643,11953.459339208786,88.68792928084187,29,5,0.0,7009.228172401064,0.11032247087891169,0.03563667768566911,0.03563575018181396
3,20260926,43,1169,early_deadline_removal,makespan_balance_repair,17,False,infeasible,,201386.65354151643,11953.459339208786,88.68792928084187,29,5,0.0,7009.228172401064,0.11010182593715385,0.028509342148535288,0.02850860014545117
3,20260926,44,1170,early_deadline_removal,makespan_balance_repair,21,False,infeasible,,158747.42436848604,10496.217782801077,84.72787904174557,28,5,0.0,7009.228172401064,0.10988162228527955,0.02280747371882823,0.022806880116360936
3,20260926,45,1171,early_deadline_removal,makespan_balance_repair,12,False,infeasible,,977169.1404239435,18106.198977015272,100.85559065523755,31,5,0.0,7009.228172401064,0.10966185904070899,0.018245978975062586,0.01824550409308875
3,20260926,46,1172,early_deadline_removal,makespan_balance_repair,9,True,annealed,,1055478.3764428936,19257.232934782838,100.6577294278701,31,5,0.0,7009.228172401064,0.10944253532262757,0.21459678318005007,0.21459640327447102
3,20260926,47,1173,early_deadline_removal,makespan_balance_repair,10,False,infeasible,,1031781.8370575673,18225.02887226816,98.9913853603698,30,5,0.0,7009.228172401064,0.10922365025198232,0.17167742654404006,0.17167712261957682
3,20260926,48,1174,early_deadline_removal,makespan_balance_repair,26,False,infeasible,,335685.57683803514,10299.602573433582,88.26705833788498,31,5,0.0,7009.228172401064,0.10900520295147835,0.13734194123523205,0.13734169809566146
3,20260926,49,1175,early_deadline_removal,makespan_balance_repair,24,False,infeasible,,263438.4050512107,10299.602573433582,87.46866055346203,30,5,0.0,7009.228172401064,0.1087871925455754,0.10987355298818564,0.10987335847652918
3,20260926,50,1176,early_deadline_removal,makespan_balance_repair,28,False,infeasible,,439650.29558714497,9524.805321516826,89.7712934259654,33,5,0.0,7009.228172401064,0.10856961816048424,0.08789884239054852,0.08789868678122335
3,20260926,51,1177,legacy_neighbor,remove_reinsert,0,True,annealed,,1055478.3764428936,19257.232934782838,100.6577294278701,31,5,0.0,7009.228172401064,0.10835247892416328,,
3,20260926,52,1178,early_deadline_removal,makespan_balance_repair,26,False,infeasible,,335685.57683803514,10299.602573433582,88.26705833788498,31,5,0.0,7009.228172401064,0.10813577396631495,0.07031907391243881,0.07031894942497868
3,20260926,53,1179,early_deadline_removal,makespan_balance_repair,14,False,infeasible,,469703.4297977927,15938.22907913216,97.05103552462165,31,5,0.0,7009.228172401064,0.10791950241838232,0.05625525912995105,0.056255159539982946
3,20260926,54,1180,early_deadline_removal,makespan_balance_repair,14,False,infeasible,,469703.4297977927,15938.22907913216,97.05103552462165,31,5,0.0,7009.228172401064,0.10770366341354555,0.04500420730396085,0.04500412763198636
3,20260926,55,1181,early_deadline_removal,makespan_balance_repair,24,False,infeasible,,263438.4050512107,10299.602573433582,87.46866055346203,30,5,0.0,7009.228172401064,0.10748825608671846,0.036003365843168676,0.03600330210558909
3,20260926,56,1182,early_deadline_removal,makespan_balance_repair,14,False,infeasible,,469703.4297977927,15938.22907913216,97.05103552462165,31,5,0.0,7009.228172401064,0.10727327957454502,0.028802692674534943,0.02880264168447127
3,20260926,57,1183,early_deadline_removal,makespan_balance_repair,9,True,annealed,,1055478.3764428936,19257.232934782838,100.6577294278701,31,5,0.0,7009.228172401064,0.10705873301539594,0.22304215413962797,0.22304211334757704
3,20260926,58,1184,early_deadline_removal,makespan_balance_repair,25,False,infeasible,,300592.40854179143,10299.602573433582,88.43211905482401,31,5,0.0,7009.228172401064,0.10684461554936514,0.17843372331170237,0.17843369067806164
3,20260926,59,1185,early_deadline_removal,makespan_balance_repair,21,False,infeasible,,158747.42436848604,10496.217782801077,84.72787904174557,28,5,0.0,7009.228172401064,0.10663092631826641,0.1427469786493619,0.14274695254244932
3,20260926,60,1186,early_deadline_removal,makespan_balance_repair,13,False,infeasible,,828425.9017775967,17847.139754963428,103.46676906263065,32,5,0.0,7009.228172401064,0.10641766446562988,0.11419758291948952,0.11419756203395946
3,20260926,61,1187,early_deadline_removal,makespan_balance_repair,25,False,infeasible,,300592.40854179143,10299.602573433582,88.43211905482401,31,5,0.0,7009.228172401064,0.10620482913669861,0.09135806633559163,0.09135804962716758
3,20260926,62,1188,legacy_neighbor,swap_boxes,0,True,annealed,,1055478.3764428936,19257.232934782838,100.6577294278701,31,5,0.0,7009.228172401064,0.10599241947842522,,
3,20260926,63,1189,early_deadline_removal,makespan_balance_repair,11,False,infeasible,,996860.1991467405,18110.388122763543,100.7403464026684,31,5,0.0,7009.228172401064,0.10578043463946837,0.0730864530684733,0.07308643970173406
3,20260926,64,1190,early_deadline_removal,makespan_balance_repair,21,False,infeasible,,158747.42436848604,10496.217782801077,84.72787904174557,28,5,0.0,7009.228172401064,0.10556887377018943,0.05846916245477865,0.058469151761387256
3,20260926,65,1191,early_deadline_removal,makespan_balance_repair,18,False,infeasible,,182658.98381556306,10696.463710286303,85.59970808408717,28,5,0.0,7009.228172401064,0.10535773602264906,0.04677532996382292,0.04677532140910981
3,20260926,66,1192,early_deadline_removal,makespan_balance_repair,28,False,infeasible,,439650.29558714497,9524.805321516826,89.7712934259654,33,5,0.0,7009.228172401064,0.10514702055060376,0.03742026397105834,0.03742025712728785
3,20260926,67,1193,early_deadline_removal,makespan_balance_repair,26,False,infeasible,,335685.57683803514,10299.602573433582,88.26705833788498,31,5,0.0,7009.228172401064,0.10493672650950256,0.029936211176846673,0.029936205701830282
3,20260926,68,1194,early_deadline_removal,makespan_balance_repair,12,False,infeasible,,977169.1404239435,18106.198977015272,100.85559065523755,31,5,0.0,7009.228172401064,0.10472685305648355,0.02394896894147734,0.023948964561464225
3,20260926,69,1195,early_deadline_removal,makespan_balance_repair,19,False,infeasible,,194200.85379145277,10496.217782801077,87.01465542605798,29,5,0.0,7009.228172401064,0.10451739935037058,0.019159175153181874,0.019159171649171382
3,20260926,70,1196,early_deadline_removal,makespan_balance_repair,16,False,infeasible,,192099.49236252205,11953.459339208786,89.15085380450289,29,5,0.0,7009.228172401064,0.10430836455166984,0.0153273401225455,0.015327337319337107
3,20260926,71,1197,early_deadline_removal,makespan_balance_repair,28,False,infeasible,,439650.29558714497,9524.805321516826,89.7712934259654,33,5,0.0,7009.228172401064,0.1040997478225665,0.0122618720980364,0.012261869855469686
3,20260926,72,1198,early_deadline_removal,makespan_balance_repair,14,False,infeasible,,469703.4297977927,15938.22907913216,97.05103552462165,31,5,0.0,7009.228172401064,0.10389154832692137,0.00980949767842912,0.00980949588437575
3,20260926,73,1199,legacy_neighbor,relocate_box,0,True,annealed,,1055478.3764428936,19257.232934782838,100.6577294278701,31,5,0.0,7009.228172401064,0.10368376523026752,,
3,20260926,74,1200,early_deadline_removal,makespan_balance_repair,14,False,infeasible,,469703.4297977927,15938.22907913216,97.05103552462165,31,5,0.0,7009.228172401064,0.10347639769980699,0.007847598142743297,0.0078475967075006
3,20260926,75,1201,early_deadline_removal,makespan_balance_repair,22,False,infeasible,,162663.61839651797,10299.602573433582,85.92131091960678,29,5,0.0,7009.228172401064,0.10326944490440737,0.006278078514194638,0.00627807736600048
3,20260926,76,1202,early_deadline_removal,makespan_balance_repair,13,False,infeasible,,828425.9017775967,17847.139754963428,103.46676906263065,32,5,0.0,7009.228172401064,0.10306290601459855,0.00502246281135571,0.005022461892800385
3,20260926,77,1203,worst_tardiness_removal,makespan_balance_repair,17,True,improved_current,,220577.95901691032,13816.342753674762,107.05714035167354,39,5,0.0,7009.228172401064,0.10285678020256936,0.6000573941897641,0.6040179695142404
3,20260926,78,1204,worst_tardiness_removal,makespan_balance_repair,19,False,infeasible,,284303.91016620764,11641.219054694471,105.95720919435246,41,5,0.0,7009.228172401064,0.10265106664216422,0.4800459153518113,0.4832143756113923
3,20260926,79,1205,worst_tardiness_removal,makespan_balance_repair,16,False,infeasible,,258015.92344174642,11605.863575296733,106.29663569040221,41,5,0.0,7009.228172401064,0.10244576450887989,0.3840367322814491,0.3865715004891139
